ID_REF,GSM4190059,GSM4190065,GSM4190066,GSM4190068,GSM4190071,GSM4190078,GSM4190079,GSM4190080,GSM4190082
A2M,12.78558561,13.67868456,12.10886503,15.75275142,13.8023746,15.33454528,11.68159315,12.10886503,11.34178904
ABCB1,9.859458477,8.742550382,10.44402172,11.68159315,10.74637584,11.5413939,11.51571174,11.17592642,10.01009687
ABCF1,10.2508849,10.86511502,9.993066229,9.189719614,9.429981283,9.063804102,10.38853234,9.773339873,9.006494929
ABL1,9.959460357,9.773339873,9.380835365,9.22087834,8.429517928,8.880945945,9.12777082,9.036490546,9.282655168
ADA,10.16589301,8.583586579,8.577517186,8.118660168,8.692782514,8.142800535,8.612440184,8.132090592,8.860274812
ADORA2A,10.41186098,7.985923873,8.196948969,7.633800573,7.618386956,7.863218563,5.727165714,7.358713436,7.204320108
AGK,9.223070432,9.380835365,9.303184157,8.752450911,9.13387976,8.957669411,9.557742399,9.506193983,9.314248528
AICDA,3.702382975,3.825212863,4.150219411,3.72762446,3.483829652,3.812246973,4.612772809,3.825212863,3.967596465
AIRE,8.49709531,8.525260786,8.144646964,7.331781807,7.460179031,7.850180552,8.215730949,7.751398457,7.685305259
AKT3,10.56005047,8.820323195,9.76740385,9.724272107,9.449348376,8.966953429,8.712784521,9.539056061,9.326049944
ALAS1,7.692046103,9.572764186,10.90334059,10.6708669,11.03094982,11.27525845,10.16589301,12.14377682,11.0777392
ALCAM,6.047690794,8.674921176,10.12327029,10.80003033,10.29068241,9.163751781,9.693952184,10.22025013,9.993066229
AMBP,13.36300877,15.75275142,15.33454528,14.9235035,15.75275142,16.44054815,15.75275142,16.44054815,15.33454528
AMICA1,9.697918214,9.790396977,8.883525312,9.833017943,9.773339873,10.16589301,9.197772997,9.194773361,10.18302647
AMMECR1L,10.73684413,10.22025013,10.27942875,9.478792662,9.592399233,9.478792662,10.05203166,10.01009687,10.06208609
ANP32B,11.70774708,11.57622378,10.11028446,10.99691617,10.16589301,10.34277445,10.37422105,10.52223285,10.65679742
ANXA1,8.712784521,9.982375339,9.437092841,10.73684413,10.57242427,10.60971728,7.38602445,9.781598548,9.40257535
APOE,15.33454528,14.65435826,15.75275142,16.44054815,16.44054815,15.75275142,16.44054815,15.75275142,16.44054815
APP,11.68159315,10.99691617,12.29462228,12.4427271,12.14377682,11.42107664,12.05114726,10.90334059,10.01990331
ARG1,8.745245489,11.7359146,12.99489222,11.44549134,12.10886503,11.80751257,12.9231644,12.391275,10.68228926
ARG2,7.648896213,7.39138474,9.293535789,6.280948348,5.328154524,7.372360807,9.724272107,7.692046103,8.252629718
ATF1,7.663758768,9.452832552,9.099933768,8.344176299,8.703996145,7.581386965,9.670342693,8.774627538,9.4458642
ATF2,9.521238838,10.32664048,10.07152977,9.777469211,9.412541512,9.28801033,9.982375339,9.862510654,9.755919087
ATG10,8.040746245,8.172726116,8.548718255,7.963741311,8.333250409,7.987856514,8.857512086,8.542384025,8.647812078
ATG12,7.733914822,7.35207844,7.561231101,6.496818428,6.526338062,6.700598933,8.126243288,7.445595336,6.863239396
ATG16L1,10.52223285,9.993066229,9.358459913,8.705866398,9.001706086,8.731675453,9.572764186,9.303184157,9.422649829
ATG5,9.561104222,9.392829244,9.541989648,8.957669411,9.111959867,9.13387976,9.736412395,9.604057489,9.036490546
ATG7,9.236075246,9.437092841,9.023032253,9.236075246,9.303184157,9.392829244,9.242497852,9.682321395,9.194773361
ATM,9.040303687,6.992958639,7.75511313,7.103606586,6.000107683,7.656395615,7.792191597,6.257505333,6.089981384
AXL,9.548921111,8.80166959,8.894852699,9.344169744,9.506193983,9.275994207,7.733914822,8.265961588,8.950012195
BAGE,7.00106292,7.615784526,6.272948925,5.631993395,6.145747505,5.251387517,9.398337649,6.595352333,6.483621386
BATF,7.810381271,7.259981948,6.851768437,7.598401739,7.283478003,6.807743022,7.345608485,7.145319467,6.625253618
BAX,10.62209028,10.76782179,10.37422105,10.19572853,10.72001538,10.30213141,10.26213034,10.17255535,10.34277445
BCL10,10.42656825,10.0802362,10.0802362,9.855668592,9.796830767,9.938599166,10.97811082,10.37422105,10.81824678
BCL2,7.855615013,7.494897691,8.484260642,8.531159072,8.456998258,7.441886523,8.252629718,7.419642673,8.188367725
BCL2L1,12.05114726,11.34178904,10.49845654,11.19766951,10.64937064,10.29068241,11.80751257,11.70774708,11.0474582
BCL6,10.2095304,10.01009687,9.638661581,9.386742806,9.314248528,8.774627538,9.597909213,10.13454984,9.478792662
BID,7.642248077,7.07346294,6.516027102,7.393598859,7.460179031,6.953146366,8.915118559,6.625253618,8.638274971
BIRC5,11.27525845,10.44402172,9.971381506,9.561104222,8.333250409,8.440553302,10.01009687,8.933852386,9.682321395
BLK,3.276055353,4.08091841,3.67714149,4.937061447,5.270404715,3.897041924,3.617594707,4.150219411,4.170382499
BLNK,3.967596465,5.129773392,9.194773361,7.831023454,7.689133113,7.663758768,8.782984262,6.394673207,9.536122474
BMI1,8.257646281,9.211949393,9.873581926,9.613770183,9.823410146,8.742550382,10.44402172,9.965420932,9.215484135
BST1,7.985923873,8.254666411,7.838748076,8.239098371,8.203843101,8.462270292,8.809881749,8.093979861,9.027288924
BST2,9.223070432,9.034018071,10.97811082,11.12961288,11.49510384,11.7359146,10.52223285,11.7359146,11.27525845
BTK,7.028108429,7.232226351,6.754189569,7.826883281,7.422953163,7.21658156,7.770206633,7.605397443,7.490078256
BTLA,8.567752371,8.292594522,7.869504377,8.510721405,8.160329001,7.961186191,8.354381098,9.044116828,8.344176299
C1QA,9.398337649,10.73684413,9.572764186,10.83337207,10.18302647,10.95901651,9.068016343,9.842755799,9.938599166
C1QB,10.70347019,10.95901651,10.14985354,11.59853674,10.22893157,11.51571174,8.612440184,10.32664048,9.823410146
C1QBP,11.19766951,11.5413939,10.76782179,10.43529498,10.07152977,10.77891356,11.03920401,10.42656825,10.52223285
C1R,8.488039571,11.88133891,14.42240893,13.22134834,12.85426195,13.67868456,13.8023746,13.05000727,11.97459186
C1S,8.614562773,11.70774708,13.87475092,13.36300877,12.9231644,13.47346253,13.22134834,13.47346253,12.05114726
C2,9.928523222,12.29462228,12.4427271,10.91941446,12.4427271,11.68159315,13.13313361,11.68159315,12.54218813
C3,11.01400126,11.65049586,14.9235035,13.97839053,15.33454528,13.22134834,12.99489222,14.42240893,14.9235035
C3AR1,7.985923873,8.482481489,8.035833512,8.446947651,8.35876657,8.643870974,8.354381098,8.312372658,7.75511313
C4B,12.9231644,13.97839053,13.8023746,14.20277655,13.13313361,12.85426195,13.58387453,13.67868456,13.97839053
C4BPA,8.395258851,8.860274812,12.85426195,12.63820875,12.69274229,12.99489222,11.49510384,14.9235035,13.87475092
C5,11.47025424,8.944144148,11.57622378,11.03094982,10.99691617,11.47025424,12.54218813,11.03094982,12.48016955
C6,9.329577109,8.564997875,13.36300877,9.189719614,11.83672428,11.08864468,12.78558561,11.30411302,12.5961492
C7,6.102441036,6.475726672,8.023783907,10.5472852,10.87955928,8.866705267,8.790679538,6.184601312,7.618386956
C8A,8.203843101,8.126243288,10.23712629,9.044116828,11.10580396,10.42656825,11.03920401,11.51571174,10.57242427
C8B,7.573281131,9.242497852,12.02478334,9.582301057,11.97459186,12.10886503,11.57622378,11.77554511,12.4427271
C8G,6.581770677,10.59381062,11.3209348,9.796830767,11.51571174,11.17592642,11.77554511,11.44549134,13.05000727
C9,8.674921176,8.420666121,13.47346253,10.5120467,10.41921461,11.94090831,11.7359146,9.165692219,12.69274229
CAMP,8.599798071,6.540493985,7.494897691,6.762095459,6.775103554,7.633800573,6.595352333,7.398744772,6.130766139
CARD11,8.816872411,7.510587974,7.404721572,7.977229491,7.717057744,7.863218563,6.595352333,7.430568728,6.334851504
CARD9,7.761154436,7.470506387,7.02277609,6.845475937,6.823952225,7.204320108,6.294694527,7.028108429,6.953146366
CASP1,7.34124641,8.315532186,8.449043594,8.702125891,8.784770412,9.072228584,8.252629718,8.561700859,8.829677942
CASP10,8.687498989,8.371697779,7.78517468,7.687219186,7.637505744,7.685305259,8.2725823,8.333250409,8.333250409
CASP3,8.479018783,9.211949393,9.256964736,8.843508191,8.963382147,8.342116413,8.930822747,9.478792662,9.161153237
CASP8,9.604057489,9.638661581,9.613770183,9.493076344,9.959460357,9.541989648,9.197772997,9.806821438,9.891644702
CC2D1B,7.554066194,7.865145484,7.494897691,7.78517468,7.525490476,7.815560757,8.900452529,7.958631071,8.235422119
CCL1,8.001291711,7.789959748,6.886767175,7.103606586,7.694959093,7.467407138,7.770206633,7.208767732,7.685305259
CCL11,7.867324931,8.378911074,7.474814358,7.598401739,7.779364304,7.607493997,8.031402696,8.00561246,8.220642815
CCL13,6.812094966,7.374878841,7.393598859,7.298577168,7.349970559,7.250712993,7.213215356,7.289261488,7.372360807
CCL14,7.73757935,8.462270292,9.095156358,9.371494204,9.176168402,9.406813051,9.634404303,8.473448975,8.422810885
CCL15,8.067273418,9.194773361,10.38853234,8.140134608,9.597909213,9.215484135,10.9377498,9.12777082,11.12961288
CCL16,8.745245489,10.41186098,9.673969563,9.656009836,11.70774708,11.62409744,12.14377682,10.101207,11.01400126
CCL17,8.446947651,7.058413715,6.918966841,6.585780314,7.439685032,7.155659982,7.694959093,6.565691687,6.526338062
CCL18,7.761154436,8.378911074,9.275994207,10.40207421,7.843343153,10.70347019,8.72894982,7.863218563,7.966849395
CCL19,9.484165839,7.891937288,9.143175425,9.912841997,10.73684413,9.781598548,8.674921176,7.898477416,7.049990459
CCL2,8.077385908,8.833573191,8.796362326,8.848023332,9.714679171,8.662970546,7.939463509,8.031402696,9.572764186
CCL20,8.85474936,12.10886503,9.689986154,10.95901651,9.398337649,8.992781935,8.534038949,8.900452529,10.87955928
CCL21,8.737016271,7.605397443,8.635249075,9.62368639,10.80003033,9.928523222,9.76740385,6.803238816,6.762095459
CCL22,8.512483401,7.833785678,5.868685462,6.294694527,7.703293496,6.546870068,7.733914822,7.411371756,6.429375048
CCL23,5.699436971,7.494897691,5.563249981,5.463492013,6.942815104,5.713983513,7.808229883,5.89971157,6.87450956
CCL24,2.562175122,2.882611895,2.349687561,2.349687561,2.774662683,3.72762446,3.483829652,2.349687561,3.047905216
CCL25,6.375660584,6.820199568,10.101207,6.496818428,12.99489222,7.326666306,6.823952225,6.953146366,8.098295833
CCL26,9.506193983,7.88554341,7.946272052,7.369842774,7.758133783,7.502649071,7.213215356,8.312372658,7.028108429
CCL27,6.483621386,6.420728503,5.563249981,4.8594501,5.594139875,5.434804717,5.937482809,6.130766139,6.429375048
CCL28,4.399760333,4.08091841,4.224836005,3.95749544,7.091666564,3.371364915,4.612772809,4.150219411,6.301114785
CCL3,10.72001538,9.478792662,9.62368639,9.036490546,9.260967318,9.993066229,9.111959867,8.975056709,9.13082529
CCL3L1,8.787724975,9.086794146,9.481479251,9.12357325,8.747940597,10.07152977,8.745245489,8.427236788,9.015613595
CCL4,9.682321395,9.673969563,9.20841465,9.452832552,8.912480315,9.833017943,8.944144148,9.139593148,9.982375339
CCL5,7.963741311,8.92295585,8.40218602,9.068016343,9.200772632,10.52223285,8.252629718,8.023783907,7.974772864
CCL7,3.702382975,4.280123657,4.097577038,3.431876385,3.647368099,4.113275313,3.371364915,4.294074357,4.113275313
CCL8,7.507852748,8.064831002,7.720596522,7.525490476,7.200130645,8.018607172,7.733914822,7.941737216,8.118660168
CCND3,9.740415998,10.05203166,8.868807091,8.739783326,8.624596598,8.215730949,9.4458642,8.35876657,8.970524712
CCR1,8.542384025,8.254666411,7.682067339,7.713518966,8.062388587,7.806078494,7.445595336,8.1670553,7.77184593
CCR2,8.408670476,8.023783907,7.82073321,8.583586579,8.277858864,8.270607674,7.5879601,8.374059117,8.178375157
CCR3,8.712784521,7.818146984,7.610338047,7.618386956,7.213215356,7.789959748,7.985923873,8.381401691,7.743271006
CCR4,9.28801033,7.961186191,7.799593004,7.969582816,7.77184593,7.726580962,7.847959304,8.175550637,7.078744173
CCR5,5.762240037,6.000107683,5.563249981,7.467407138,6.000107683,7.789959748,4.612772809,6.077521732,5.922093136
CCR6,9.877791284,8.894852699,8.270607674,8.02119554,8.246054343,8.405146305,7.847959304,8.534038949,7.437483542
CCR7,6.307535043,5.379811646,6.23371904,6.94728214,6.334851504,6.184601312,6.516027102,5.617059848,5.646926942
CCR9,7.283478003,6.307535043,6.886767175,7.483310234,6.047690794,6.886767175,6.823952225,7.278645263,7.155659982
CCRL2,9.406813051,8.705866398,8.337182927,8.327323137,8.465076388,8.806341871,8.767458951,9.082440928,8.723576294
CD14,9.349242378,10.13043429,11.39669916,10.41186098,11.06683372,11.06683372,10.62209028,10.30213141,10.2095304
CD160,9.027288924,8.224129809,8.462270292,8.071263251,7.735747086,8.185433146,8.215730949,8.702125891,8.68881146
CD163,9.293535789,9.714679171,8.674921176,9.673969563,9.470221313,9.903915217,8.890478689,9.380835365,9.139593148
CD164,12.07754452,11.90414044,11.34178904,10.63705195,11.12961288,10.86511502,11.42107664,10.86511502,10.62209028
CD180,8.614562773,8.552044532,8.26329387,8.265961588,8.302961408,8.510721405,7.985923873,8.970524712,8.471341873
CD19,7.831023454,7.19731174,7.922509822,8.638274971,7.823808246,7.941737216,7.770206633,6.81644691,7.937189802
CD1A,7.369842774,7.374878841,7.414976932,7.320452483,6.924713094,7.155659982,7.313990633,8.153249616,8.294713685
CD1B,3.105249327,2.882611895,3.15399154,3.67714149,3.483829652,3.72762446,2.349687561,3.825212863,2.774662683
CD1C,7.77184593,7.663758768,7.969582816,8.182498568,7.891937288,7.836547902,7.502649071,8.851386346,8.36056093
CD1D,5.207823227,5.762240037,5.699436971,6.438021593,8.756816672,5.89971157,7.502649071,5.956982723,7.302229943
CD1E,8.558403842,7.63987691,8.162842098,7.801434502,7.930440494,7.879518315,7.658986854,8.589329134,8.252629718
CD2,5.434804717,5.40498677,5.40498677,6.394673207,5.922093136,7.041291455,4.612772809,5.769951415,4.805644901
CD200,10.01990331,8.146493393,8.395258851,8.397242293,8.408670476,8.260626152,7.5879601,9.20841465,7.782621462
CD207,9.099933768,7.88554341,8.104981422,7.270193827,7.283478003,7.419642673,6.823952225,8.242576357,7.521594132
CD209,8.528209929,8.446947651,7.901865466,7.703293496,8.149871505,7.53224177,7.38602445,8.446947651,8.536918826
CD22,9.865562831,7.445595336,8.120628477,8.577517186,8.102611804,8.302961408,5.937482809,7.573281131,6.526338062
CD24,14.65435826,12.69274229,13.13313361,10.16589301,12.63820875,10.02495594,9.386742806,8.750195754,11.51571174
CD244,4.113275313,5.762240037,4.991039149,4.498260144,5.100088612,5.508900997,3.047905216,4.84407437,3.72762446
CD247,8.333250409,8.011617537,8.413917482,8.589329134,8.227937838,8.695441096,7.770206633,8.067273418,7.479003044
CD27,7.585755915,7.852897782,7.35207844,8.835577245,8.227937838,8.178375157,7.270193827,6.987129698,6.394673207
CD274,7.77184593,7.876107198,7.175045302,7.374878841,7.302229943,8.060046822,8.550381393,8.274556926,7.914566029
CD276,11.12961288,11.10580396,10.59381062,10.27942875,10.38853234,9.982375339,11.17592642,10.19572853,10.90334059
CD28,6.793423129,7.151081458,7.036163105,7.053561112,6.334851504,6.102441036,5.937482809,7.38066416,6.754189569
CD33,4.696179308,5.499401975,4.419981636,4.782591163,5.100088612,5.070403832,5.937482809,5.594139875,4.25721238
CD34,7.298577168,6.820199568,8.120628477,7.393598859,7.492539086,7.22409094,7.38602445,7.806078494,6.839183437
CD36,9.312096675,10.29068241,9.493076344,9.823410146,9.548921111,10.14985354,9.273212505,10.23712629,9.859458477
CD37,8.023783907,6.241890103,7.336897307,7.411371756,7.049990459,7.449304149,4.364499911,6.15465952,5.535154753
CD38,8.248323684,8.090340959,7.600851314,8.15553276,7.5879601,8.589329134,7.127496029,7.615784526,8.144646964
CD3D,8.85474936,8.616685363,8.833573191,8.823052944,8.602947236,9.364284756,7.900171441,8.081557191,7.656395615
CD3E,7.058413715,7.127496029,6.942815104,8.164948699,7.594562711,8.315532186,6.823952225,6.712961437,6.174086423
CD3EAP,9.229718347,9.139593148,8.475556077,8.213288523,8.612440184,8.231745867,8.570506867,7.969582816,8.376420456
CD3G,6.375660584,6.280948348,5.815431781,6.662108482,5.937482809,6.831567831,6.414542961,6.102441036,6.174086423
CD4,8.6060964,9.034018071,9.004100508,9.732408792,9.023032253,9.912841997,8.2725823,8.843508191,8.277858864
CD40,9.781598548,8.471341873,9.466589596,9.303184157,9.309944821,8.848023332,8.712784521,8.027583008,9.260967318
CD40LG,6.429375048,6.394673207,6.793423129,7.687219186,6.807743022,6.973530142,7.658986854,7.320452483,7.70487092
CD44,11.10580396,10.16589301,9.724272107,11.3209348,10.37422105,11.03094982,9.139593148,10.38853234,8.790679538
CD46,11.49510384,12.05114726,11.97459186,11.83672428,11.75365188,11.90414044,11.39669916,12.5961492,12.63820875
CD47,8.975056709,9.158554692,11.17592642,10.76782179,10.81824678,10.13866538,9.541989648,10.46304855,10.48001738
CD48,8.395258851,8.429517928,8.235422119,9.1524985,8.66045197,9.264969899,7.900171441,8.570506867,8.813421627
CD5,4.937061447,6.12007541,5.24185934,6.264949501,6.688236429,6.130766139,5.289421913,5.251387517,4.633922667
CD53,8.520247433,9.412541512,8.726224188,10.04105357,9.568615116,10.3169505,8.506891786,9.303184157,9.161153237
CD55,9.380835365,7.35207844,9.0774003,7.703293496,7.799593004,7.502649071,7.445595336,8.203843101,7.456050174
CD58,7.15337072,8.990299741,9.429981283,8.890478689,9.247040122,8.726224188,8.845765761,9.225262524,9.499609376
CD59,11.90414044,11.17592642,11.36840484,12.24600004,11.94090831,11.70774708,11.97459186,12.78558561,11.15131971
CD6,7.855615013,7.302229943,7.474814358,7.969582816,7.401676564,8.206082676,7.091666564,7.594562711,7.22409094
CD63,13.87475092,12.9231644,13.67868456,13.47346253,12.391275,12.78558561,12.85426195,13.87475092,12.85426195
CD68,10.35955878,10.06208609,10.5120467,10.53520036,9.706675215,11.34178904,8.702125891,9.736412395,10.53520036
CD7,7.39138474,12.07754452,5.328154524,5.97698894,4.920550722,5.617059848,5.937482809,4.713671039,5.251387517
CD70,7.417309802,6.381635712,7.765591259,6.009667166,5.956982723,6.438021593,6.197780488,6.526338062,5.956982723
CD74,12.99489222,12.99489222,11.90414044,13.05000727,13.47346253,13.30997293,11.19766951,12.63820875,11.30411302
CD79A,6.429375048,6.364464373,4.675625916,8.990299741,7.901865466,5.646926942,4.364499911,5.070403832,4.25721238
CD79B,8.203843101,7.164699309,7.745477395,8.624596598,7.843343153,7.826883281,6.99701078,7.07346294,6.973530142
CD80,7.911323889,8.35697221,7.5792222,8.003568237,7.703293496,8.083648089,8.007656684,8.473448975,8.422810885
CD81,13.47346253,12.85426195,13.30997293,13.58387453,13.30997293,13.05000727,12.5961492,13.58387453,12.78558561
CD83,9.656009836,8.972790711,9.109255364,8.980454209,8.635249075,9.293535789,8.252629718,9.086794146,8.92295585
CD84,10.06208609,9.254273564,9.11937568,9.64291886,9.086794146,10.11028446,8.809881749,9.949161622,9.260967318
CD86,7.720596522,8.180436862,7.393598859,7.648896213,7.799593004,7.826883281,7.623672461,8.302961408,8.054053283
CD8A,9.200772632,8.520247433,7.735747086,7.808229883,7.863218563,9.006494929,7.270193827,7.898477416,6.526338062
CD8B,9.572764186,8.754633791,8.337182927,7.745477395,8.342116413,8.473448975,7.127496029,8.756816672,7.958631071
CD9,8.980454209,10.48001738,10.30213141,10.81824678,10.70347019,10.64937064,10.06680793,10.76782179,8.990299741
CD96,5.046047336,5.97698894,5.815431781,7.289261488,7.879518315,7.745477395,5.584365175,5.207823227,5.449148365
CD97,9.724272107,9.959460357,9.242497852,9.706675215,9.270430804,9.392829244,7.808229883,9.663197164,9.099933768
CD99,12.48016955,14.20277655,11.30411302,11.90414044,12.78558561,11.10580396,13.36300877,12.29462228,12.20207474
CDH1,10.99691617,11.3209348,11.01400126,9.264969899,12.05114726,10.72001538,9.225262524,8.806341871,12.02478334
CDH5,9.358459913,8.647812078,8.960525779,8.823052944,8.92295585,8.80166959,8.612440184,8.905931605,8.564997875
CDK1,8.950012195,9.747586975,9.422649829,9.429981283,7.985923873,8.381401691,9.521238838,8.120628477,9.509357722
CDKN1A,9.851878707,9.386742806,10.65679742,8.793520932,9.158554692,9.666715823,10.5472852,10.44402172,10.91941446
CEACAM1,8.1670553,9.493076344,9.597909213,8.739783326,9.521238838,9.426315556,9.158554692,8.456998258,10.03000856
CEACAM6,9.706675215,8.35697221,8.196948969,8.093979861,7.850180552,8.363444417,7.345608485,8.222386312,8.479018783
CEACAM8,7.663758768,7.445595336,6.565691687,6.965759527,7.151081458,6.831567831,7.213215356,7.751398457,7.281061633
CEBPB,10.44402172,10.91941446,10.83337207,11.57622378,11.08864468,10.17255535,10.95901651,11.49510384,12.34539454
CFB,11.30411302,13.8023746,13.22134834,12.20207474,13.97839053,14.20277655,14.42240893,12.9231644,14.20277655
CFD,6.460621562,6.595352333,8.320116984,8.793520932,6.468174117,7.745477395,7.313990633,6.047690794,8.079466293
CFI,7.682067339,9.326049944,12.20207474,11.75365188,11.3209348,11.12961288,11.5413939,12.99489222,11.94090831
CFP,6.375660584,6.019226649,6.886767175,6.174086423,7.131815044,6.546870068,7.445595336,6.565691687,7.00106292
CHIT1,9.773339873,7.941737216,8.705866398,9.592399233,8.333250409,10.0802362,8.007656684,8.596886053,7.792191597
CHUK,9.270430804,9.813662754,9.982375339,10.2508849,9.0774003,9.697918214,10.56005047,9.270430804,9.949161622
CKLF,9.592399233,9.682321395,9.528275618,10.13043429,9.732408792,9.232896797,9.349242378,9.242497852,9.275994207
CLEC4A,7.843343153,8.057705056,8.162842098,8.090340959,8.456998258,8.292594522,8.215730949,8.500078739,7.77184593
CLEC4C,3.457853018,3.512125391,3.609171568,4.041127994,4.224836005,4.215370907,3.897041924,4.150219411,3.897041924
CLEC5A,4.84407437,5.762240037,5.24185934,4.612772809,5.563249981,4.457619139,3.371364915,5.006364994,4.805644901
CLEC6A,7.944004634,7.833785678,7.309936675,7.309936675,6.959010593,7.467407138,7.847959304,8.500078739,7.53224177
CLEC7A,7.890047338,8.199276247,7.610338047,8.062388587,7.918772366,8.915118559,8.424955648,9.074814442,8.206082676
CLU,8.72894982,7.801434502,7.5792222,7.349970559,7.985923873,7.761154436,8.907886838,8.182498568,7.663758768
CMA1,3.105249327,3.897041924,3.431876385,3.756657119,4.190545587,4.190545587,4.612772809,4.150219411,3.54042113
CMKLR1,9.796830767,9.072228584,8.589329134,9.086794146,8.912480315,9.536122474,7.900171441,9.111959867,8.399225734
CNOT10,8.00963711,9.536122474,8.63992987,9.22087834,9.371494204,8.281160803,9.380835365,8.980454209,9.597909213
CNOT4,9.528275618,9.740415998,9.326049944,8.835577245,9.319270781,8.627124421,9.693952184,9.634404303,9.524757228
COG7,10.32664048,9.732408792,9.656009836,9.146757702,9.724272107,9.158554692,9.608913836,10.09052434,9.22087834
COL3A1,11.77554511,12.5961492,11.88133891,14.42240893,13.67868456,12.02478334,10.20262947,13.13313361,10.59381062
COLEC12,8.512483401,8.079466293,7.652645914,7.99569109,7.222019352,7.600851314,7.38602445,7.692046103,7.426263653
CR1,9.823410146,9.023032253,9.044116828,9.597909213,8.868807091,9.949161622,9.006494929,10.16589301,9.462957879
CR2,5.046047336,4.399760333,3.97769749,6.047690794,5.499401975,3.60074843,6.516027102,4.599533997,3.40162065
CREB1,10.65679742,9.920203466,9.225262524,9.251582391,9.184665866,8.85474936,9.924363344,9.303184157,9.437092841
CREB5,8.035833512,8.687498989,7.529386821,7.926475158,8.277858864,7.645572145,8.424955648,8.387481335,8.944144148
CREBBP,7.598401739,7.35207844,7.5792222,6.111258223,6.23371904,6.625253618,8.482481489,6.479674029,7.70487092
CRP,6.581770677,6.96238506,16.44054815,12.14377682,8.069268334,12.63820875,13.05000727,7.941737216,15.75275142
CSF1,6.341568009,8.774627538,8.175550637,8.190694938,8.149871505,8.027583008,8.520247433,8.70932546,8.99526413
CSF1R,7.494897691,7.42841619,7.35207844,7.012445324,7.492539086,6.807743022,6.688236429,7.058413715,7.265062073
CSF2,7.289261488,5.449148365,6.414542961,5.360341502,5.646926942,6.420728503,6.414542961,6.443242035,5.021690839
CSF2RB,9.62368639,8.462270292,8.054053283,8.806341871,8.848023332,8.870908915,8.327323137,7.941737216,8.118660168
CSF3,5.646926942,5.046047336,5.699436971,5.129773392,5.449148365,5.868685462,4.904039998,5.508900997,5.535154753
CSF3R,7.494897691,8.990299741,6.516027102,7.865145484,6.896372077,9.597909213,4.904039998,6.443242035,8.118660168
CT45A1,10.77891356,9.319270781,12.5961492,10.01009687,9.072228584,12.48016955,10.09052434,10.27942875,10.5120467
CTAG1B,10.74637584,10.85128361,4.586295185,3.97769749,4.280123657,3.967596465,7.270193827,4.150219411,4.349460793
CTAGE1,8.415640316,8.199276247,7.720596522,7.730247892,7.717057744,7.554066194,8.392605993,8.723576294,8.19498556
CTCFL,12.54218813,8.437791936,8.023783907,7.564639702,7.879518315,7.581386965,8.570506867,8.915118559,8.6060964
CTLA4,8.023783907,8.337182927,7.735747086,8.2725823,8.018607172,8.599798071,7.658986854,7.983991232,7.472660372
CTSG,8.162842098,6.87450956,7.309936675,6.364464373,7.180009982,7.184974663,7.900171441,7.430568728,6.839183437
CTSH,8.63992987,9.290773059,11.77554511,10.49845654,10.86511502,11.88133891,10.47072146,10.95901651,11.90414044
CTSL,8.115762961,11.15131971,10.5472852,9.95431099,10.01990331,10.99691617,10.35359732,9.697918214,11.3209348
CTSS,10.09052434,10.2095304,10.62209028,11.7359146,11.27525845,12.14377682,10.41186098,11.19766951,10.72001538
CTSW,8.083648089,6.420728503,7.02277609,7.046419806,7.252807408,7.745477395,7.046419806,6.758142514,6.130766139
CX3CL1,7.703293496,8.85474936,8.196948969,9.015613595,8.742550382,8.796362326,9.139593148,9.176168402,8.542384025
CX3CR1,8.001291711,7.758133783,7.898477416,8.6060964,7.678829419,8.104981422,7.900171441,8.188367725,7.974772864
CXCL1,7.810381271,7.320452483,7.5792222,8.612440184,8.193022151,7.155659982,6.823952225,7.740425178,9.349242378
CXCL10,6.886767175,8.218186882,7.091666564,7.797751506,9.063804102,8.427236788,8.520247433,10.65679742,8.957669411
CXCL11,7.920641094,7.770206633,6.942815104,7.642248077,8.033618104,7.701716073,7.900171441,9.965420932,8.405146305
CXCL12,6.674481408,9.329577109,8.567752371,9.256964736,10.3169505,9.358459913,3.897041924,7.850180552,8.510721405
CXCL13,5.289421913,7.320452483,3.97769749,7.598401739,6.741490131,6.280948348,3.897041924,4.84407437,3.239394553
CXCL14,8.503062167,7.745477395,7.544277655,8.10735104,8.796362326,8.1670553,7.939463509,7.916669198,7.58355173
CXCL16,6.526338062,9.349242378,9.22087834,8.767458951,9.006494929,9.76740385,9.034018071,7.320452483,8.870908915
CXCL2,8.172726116,8.762588489,9.666715823,9.697918214,10.47072146,8.820323195,9.478792662,10.49845654,12.391275
CXCL3,7.613182096,8.206082676,6.992958639,7.618386956,6.942815104,7.806078494,7.694959093,8.32372006,9.10655086
CXCL5,7.42841619,6.364464373,6.479674029,7.063266318,6.068565187,6.375660584,6.294694527,7.028108429,6.625253618
CXCL6,7.977229491,7.180009982,7.123177014,9.462957879,8.712784521,7.372360807,7.445595336,8.465076388,8.031402696
CXCL9,10.04105357,9.76740385,8.635249075,9.004100508,9.103242314,11.0474582,8.825782692,9.409677282,8.454532321
CXCR1,8.395258851,7.398744772,7.404721572,7.494897691,6.581770677,7.564639702,7.38602445,7.717057744,7.642248077
CXCR2,9.072228584,8.093979861,7.626883932,7.564639702,7.476908701,7.547510946,7.213215356,8.292594522,8.429517928
CXCR3,7.169872305,6.992958639,7.259981948,7.202225376,7.505250909,8.083648089,6.823952225,6.758142514,6.334851504
CXCR4,10.27942875,10.19572853,10.22025013,11.08864468,10.55366783,9.796830767,8.756816672,9.4458642,10.12327029
CXCR5,8.050937975,6.807743022,7.202225376,7.028108429,6.581770677,6.241890103,6.99701078,6.496818428,6.81644691
CXCR6,7.876107198,7.770206633,7.682067339,8.412194647,7.735747086,8.681447534,7.5879601,8.075305522,7.792191597
CYBB,7.743271006,9.275994207,8.596886053,9.572764186,9.103242314,9.689986154,8.069268334,8.70932546,8.638274971
CYFIP2,8.548718255,8.287717698,10.13866538,9.082440928,8.586457857,10.101207,7.847959304,9.595154223,10.16589301
CYLD,9.912841997,9.851878707,9.282655168,9.437092841,10.13043429,9.842755799,10.65679742,9.548921111,9.251582391
DDX43,7.855615013,7.698337583,6.272948925,6.896372077,7.395812979,6.595352333,8.102611804,6.831567831,8.459464195
DDX50,9.891644702,9.796830767,9.386742806,9.322660362,9.044116828,9.452832552,9.965420932,9.099933768,9.702296715
DDX58,6.973530142,7.918772366,7.222019352,7.541044364,8.833573191,7.414976932,9.327813526,8.252629718,8.376420456
DEFB1,7.598401739,6.74783985,7.369842774,7.228158645,8.399225734,6.851768437,5.769951415,6.758142514,9.309944821
DHX16,8.875147527,10.57242427,9.143175425,8.420666121,9.056789215,8.12916694,10.18302647,9.184665866,8.490039347
DMBT1,5.84374654,4.399760333,9.084617537,5.713983513,4.805644901,7.916669198,7.046419806,4.713671039,7.685305259
DNAJC14,8.767458951,8.190694938,9.015613595,8.146493393,7.863218563,7.600851314,8.99526413,8.062388587,8.090340959
DOCK9,9.714679171,9.176168402,9.072228584,9.499609376,8.687498989,7.926475158,9.790396977,9.200772632,8.652977873
DPP4,4.565942183,6.294694527,9.466589596,8.674921176,9.851878707,10.05203166,10.27942875,10.5120467,10.6708669
DUSP4,7.633800573,8.66910757,7.259981948,7.745477395,7.358713436,7.685305259,7.445595336,7.358713436,7.605397443
DUSP6,10.57242427,11.68159315,10.56005047,9.561104222,9.865562831,9.806821438,9.572764186,9.62368639,10.38853234
EBI3,4.756876966,5.617059848,4.498260144,4.731162769,4.731162769,4.696179308,3.897041924,5.207823227,5.617059848
ECSIT,8.337182927,9.200772632,9.4458642,8.424955648,8.883525312,8.580551883,9.349242378,8.68881146,9.842755799
EDC3,10.5120467,9.309944821,9.865562831,9.242497852,8.903192067,8.840544745,9.796830767,9.275994207,9.329577109
EGR1,8.666039058,7.865145484,8.083648089,9.023032253,8.703996145,8.449043594,7.808229883,8.252629718,7.949610018
EGR2,7.963741311,7.283478003,7.88554341,7.861291642,7.961186191,8.315532186,7.541044364,7.058413715,7.155659982
EIF2B4,10.05203166,10.83337207,10.06208609,9.312096675,9.64291886,9.564466046,9.965420932,10.18302647,10.00407001
ELANE,3.702382975,4.234301103,4.586295185,4.128973588,4.364499911,3.371364915,3.617594707,4.364499911,5.360341502
ELK1,7.169872305,8.122596786,8.471341873,7.730247892,7.283478003,6.762095459,9.046199812,7.492539086,8.366327905
ENG,7.058413715,8.589329134,9.036490546,10.22025013,10.22025013,9.225262524,8.287717698,9.031545596,8.413917482
ENTPD1,8.102611804,8.018607172,7.765591259,8.66910757,8.542384025,8.462270292,8.424955648,7.717057744,8.277858864
EOMES,6.618336915,6.668294945,6.163571535,6.662108482,6.102441036,6.301114785,5.937482809,6.210959664,5.868685462
EP300,10.85128361,10.6708669,9.344169744,9.855668592,10.14985354,9.755919087,10.40207421,9.452832552,10.3169505
EPCAM,11.51571174,8.035833512,9.349242378,7.393598859,9.790396977,9.314248528,6.294694527,7.845738055,10.30213141
ERCC3,10.87955928,9.270430804,9.392829244,8.900452529,8.471341873,8.395258851,9.466589596,9.158554692,8.633878079
ETS1,8.437791936,9.163751781,9.813662754,10.29068241,10.2508849,10.13043429,9.034018071,9.327813526,9.28801033
EWSR1,13.30997293,11.25181995,10.34277445,11.30411302,10.83337207,10.44402172,11.44549134,10.9377498,10.41186098
F12,8.224129809,9.891644702,11.25181995,10.01990331,11.47025424,11.30411302,11.22088754,11.75365188,11.83672428
F13A1,9.971381506,9.865562831,9.314248528,9.982375339,9.652341167,8.933852386,8.92295585,9.928523222,9.64291886
F2RL1,8.695441096,6.420728503,8.071263251,7.573281131,8.018607172,7.240449103,9.254273564,9.409677282,7.401676564
FADD,6.924713094,7.937189802,7.449304149,6.420728503,7.541044364,6.475726672,8.650394976,7.615784526,7.605397443
FAS,6.102441036,5.251387517,6.210959664,5.270404715,5.854885158,5.594139875,6.414542961,5.769951415,2.349687561
FCER1A,4.756876966,4.696179308,5.289421913,5.713983513,7.603300889,4.782591163,4.364499911,5.508900997,5.535154753
FCER1G,9.040303687,13.47346253,8.860274812,9.842755799,9.62368639,10.19572853,8.612440184,8.650394976,9.079920614
FCER2,4.612772809,4.08091841,4.150219411,5.207823227,4.696179308,4.364499911,5.584365175,4.599533997,4.25721238
FCF1,13.97839053,12.4427271,11.5413939,12.10886503,11.90414044,11.97459186,12.63820875,12.69274229,12.10886503
FCGR1A,7.34124641,7.283478003,7.5792222,8.15553276,7.222019352,8.083648089,8.299897128,8.144646964,8.354381098
FCGR2A,9.11937568,10.01009687,9.604057489,10.11028446,9.747586975,10.01009687,9.236075246,10.11028446,9.702296715
FCGR2B,8.471341873,8.536918826,8.162842098,8.878046736,10.59381062,8.248323684,9.015613595,8.633878079,8.26329387
FCGR3A,9.060296658,10.38853234,9.682321395,9.813662754,9.604057489,10.37422105,9.20841465,10.05203166,9.851878707
FEZ1,9.806821438,9.371494204,8.596886053,9.747586975,8.66910757,8.550381393,8.424955648,8.622068775,8.583586579
FLT3,8.218186882,7.208767732,6.019226649,6.918966841,6.896372077,6.565691687,7.445595336,7.863218563,6.483621386
FLT3LG,8.35697221,7.55078857,8.739783326,8.333250409,8.35876657,8.371697779,8.371697779,7.701716073,7.58355173
FN1,13.8023746,16.44054815,13.97839053,13.87475092,14.9235035,13.36300877,14.65435826,14.20277655,13.47346253
FOS,10.59381062,10.45537563,9.592399233,11.62409744,10.01009687,10.59381062,8.354381098,9.897779959,10.14985354
FOXJ1,6.924713094,5.956982723,4.294074357,5.551909487,3.483829652,4.457619139,5.419895743,4.150219411,3.40162065
FOXP3,7.623672461,7.596482225,7.977229491,7.411371756,7.726580962,7.694959093,7.900171441,7.505250909,7.838748076
FPR2,6.793423129,6.891569626,7.049990459,7.184974663,6.807743022,7.293919328,6.595352333,7.22409094,7.726580962
FUT5,8.29015611,7.42841619,8.175550637,7.151081458,7.372360807,8.027583008,8.102611804,6.918966841,7.372360807
FUT7,7.036163105,8.612440184,6.700598933,5.777662793,8.883525312,6.87450956,6.99701078,6.35924329,7.898477416
FYN,11.44549134,9.236075246,8.612440184,9.158554692,8.950012195,9.139593148,8.252629718,8.32372006,8.040746245
G6PD,8.00963711,11.49510384,8.739783326,10.30213141,8.647812078,8.636620071,9.303184157,9.28801033,8.750195754
GAGE1,6.618336915,6.328135,6.102441036,6.317835022,5.449148365,5.740347914,8.636620071,7.245581048,7.77184593
GATA3,7.472660372,6.241890103,6.700598933,5.793150662,6.526338062,6.741490131,6.125420774,5.937482809,6.059608642
GNLY,8.657933395,7.914566029,7.869504377,6.077521732,7.630095403,7.35207844,7.808229883,7.194492835,6.483621386
GPATCH3,8.681447534,8.6060964,7.286369745,7.419642673,8.081557191,7.467407138,9.079920614,7.882929432,7.317221558
GPI,12.02478334,12.78558561,12.05114726,11.10580396,10.32664048,11.15131971,12.48016955,10.64937064,12.9231644
GTF3C1,11.88133891,10.62209028,9.903915217,9.689986154,9.842755799,9.49634286,10.17255535,10.06208609,8.886104679
GUSB,8.80400573,9.781598548,10.18302647,8.684473261,10.17255535,9.512521462,10.53520036,9.572764186,10.12327029
GZMA,7.911323889,8.134779636,8.337182927,8.429517928,8.142800535,9.891644702,7.5879601,8.203843101,7.596482225
GZMB,7.843343153,7.663758768,7.969582816,7.467407138,7.252807408,8.292594522,7.900171441,7.289261488,7.250712993
GZMH,7.305882718,7.095447866,7.259981948,6.733396408,7.160179645,8.231745867,7.175045302,7.34124641,7.078744173
GZMK,7.692046103,8.687498989,7.70487092,8.302961408,8.66045197,9.200772632,7.658986854,8.583586579,8.26329387
GZMM,6.618336915,5.929787973,7.460179031,5.910902353,6.280948348,6.163571535,5.289421913,6.317835022,6.381635712
HAMP,5.379811646,4.920550722,6.341568009,4.202958247,10.44402172,6.019226649,4.150219411,3.60074843,6.559468919
HAVCR2,7.487617425,7.974772864,7.958631071,8.320116984,7.972316238,8.833573191,8.031402696,8.104981422,8.003568237
HCK,11.08864468,9.015613595,8.720928401,8.92295585,8.894852699,9.254273564,8.66045197,8.446947651,8.220642815
HDAC3,9.597909213,9.548921111,9.781598548,9.293535789,9.380835365,9.548921111,10.13043429,9.673969563,9.673969563
HLA-A,12.4427271,13.58387453,12.07754452,12.29462228,13.58387453,13.8023746,13.47346253,12.07754452,11.75365188
HLA-B,13.58387453,12.63820875,12.48016955,12.54218813,13.05000727,13.58387453,13.30997293,11.80751257,11.0777392
HLA-C,11.94090831,11.62409744,11.65049586,12.391275,12.07754452,12.34539454,13.87475092,11.34178904,11.36840484
HLA-DMA,9.755919087,9.859458477,10.26213034,10.62209028,9.993066229,11.57622378,9.139593148,11.22088754,9.364284756
HLA-DMB,9.877791284,9.499609376,9.251582391,9.666715823,9.462957879,10.56005047,8.66045197,9.422649829,8.843508191
HLA-DOB,8.890478689,9.097545063,7.911323889,8.344176299,8.371697779,7.941737216,7.847959304,8.274556926,7.992366994
HLA-DPA1,9.613770183,10.74637584,10.9377498,11.17592642,11.19766951,12.05114726,9.158554692,10.68228926,9.545455379
HLA-DPB1,9.011054262,10.60971728,11.0474582,11.5413939,11.44549134,12.20207474,8.99526413,10.62209028,9.509357722
HLA-DQA1,10.68228926,4.08091841,3.15399154,12.5961492,3.825212863,11.44549134,9.229718347,4.477939642,5.251387517
HLA-DQB1,7.663758768,3.276055353,3.609171568,10.56005047,3.60074843,9.714679171,8.102611804,3.40162065,4.904039998
HLA-DRA,11.62409744,12.14377682,12.391275,13.13313361,12.5961492,14.42240893,9.777469211,12.24600004,10.97811082
HLA-DRB3,13.22134834,12.24600004,11.7359146,12.69274229,12.34539454,13.13313361,10.76782179,12.48016955,10.60971728
HLA-DRB4,8.875147527,3.777969101,3.15399154,3.431876385,3.742140789,4.041127994,4.150219411,3.967596465,8.069268334
HLA-E,11.39669916,13.13313361,11.80751257,12.07754452,12.29462228,12.54218813,11.75365188,11.36840484,11.03094982
HLA-G,6.328135,10.35955878,9.656009836,8.870908915,10.34277445,10.49845654,9.452832552,9.470221313,9.524757228
HMGB1,12.63820875,11.94090831,10.95901651,11.80751257,11.22088754,11.75365188,11.59853674,11.90414044,11.49510384
HPRT1,9.20841465,10.90334059,10.29068241,11.06683372,9.406813051,10.27942875,9.924363344,8.998485108,9.916522732
HRAS,7.36324055,7.961186191,8.26329387,7.278645263,7.541044364,5.929787973,8.550381393,7.585755915,8.134779636
HSD11B1,4.565942183,4.586295185,12.9231644,9.364284756,9.015613595,7.175045302,10.81824678,12.4427271,11.70774708
ICAM1,9.215484135,10.11028446,10.40207421,10.22893157,9.949161622,9.349242378,9.068016343,8.950012195,11.62409744
ICAM2,8.712784521,8.395258851,8.274556926,8.248323684,8.752450911,8.172726116,8.126243288,7.794971552,7.441886523
ICAM3,8.796362326,9.928523222,9.28801033,9.422649829,10.52223285,8.975056709,9.273212505,9.349242378,10.56005047
ICAM4,8.429517928,6.851768437,8.558403842,6.662108482,7.331781807,7.467407138,5.584365175,7.095447866,9.184665866
ICOS,8.907886838,8.35697221,8.003568237,8.044284456,7.758133783,8.270607674,7.733914822,8.500078739,8.069268334
ICOSLG,7.713518966,9.001706086,8.900452529,8.124420037,8.1670553,7.797751506,8.126243288,7.898477416,9.200772632
IDO1,7.900171441,8.35697221,8.079466293,7.661578093,7.642248077,8.570506867,8.126243288,8.055879169,7.204320108
IFI16,7.797751506,8.622068775,9.398337649,9.865562831,9.282655168,9.4458642,8.188367725,9.392829244,8.767458951
IFI27,9.813662754,9.557742399,12.24600004,10.68228926,14.20277655,10.22893157,11.70774708,14.65435826,9.813662754
IFI35,7.194492835,9.689986154,9.706675215,9.10655086,9.358459913,8.473448975,9.865562831,9.813662754,9.652341167
IFIH1,7.26762795,7.232226351,8.940513086,8.385009535,8.616685363,8.210846098,8.482481489,9.429981283,8.813421627
IFIT1,6.812094966,8.054053283,8.023783907,8.366327905,9.1524985,9.813662754,9.215484135,9.484165839,9.239286549
IFIT2,8.759702581,8.413917482,8.376420456,8.029492852,8.512483401,8.454532321,9.111959867,8.213288523,8.936882024
IFITM1,7.78517468,8.837581298,11.10580396,9.95431099,10.41921461,9.882000641,8.636620071,10.53520036,9.11937568
IFITM2,13.05000727,10.77891356,12.54218813,12.48016955,11.5413939,11.83672428,11.3209348,12.02478334,11.88133891
IFNA1,7.326666306,7.535096719,5.563249981,6.448462477,5.891098668,7.745477395,8.287717698,8.018607172,8.162842098
IFNA17,9.189719614,8.813421627,8.023783907,9.484165839,8.001291711,9.724272107,9.254273564,9.828214045,9.376164784
IFNA2,7.398744772,7.782621462,6.163571535,6.662108482,6.250061165,7.326666306,8.424955648,8.090340959,8.054053283
IFNA7,10.60971728,9.592399233,8.68881146,9.928523222,8.720928401,10.35359732,9.751753031,10.56005047,9.903915217
IFNA8,7.613182096,7.865145484,6.460621562,6.987129698,6.651770756,7.278645263,8.745245489,8.126243288,8.031402696
IFNAR1,8.312372658,9.264969899,9.329577109,8.726224188,8.774627538,8.363444417,9.336385183,8.681447534,9.319270781
IFNAR2,10.47072146,10.63705195,10.35955878,10.90334059,11.01400126,10.18302647,10.70347019,10.46304855,10.37422105
IFNB1,8.067273418,7.966849395,6.590566323,7.952947983,6.868874478,7.618386956,8.327323137,8.577517186,8.270607674
IFNG,8.536918826,8.239098371,7.82073321,7.838748076,7.411371756,8.146493393,8.482481489,8.739783326,8.767458951
IFNGR1,10.13866538,9.873581926,9.847317253,10.17779091,9.982375339,10.00407001,9.751753031,11.57622378,10.27942875
IFNL1,5.594139875,5.574590475,4.756876966,4.457619139,5.232331163,4.8594501,8.215730949,5.68489043,5.824019851
IFNL2,11.0474582,8.424955648,8.787724975,8.054053283,8.395258851,8.76502372,7.770206633,8.674921176,7.806078494
IGF1R,12.391275,8.49709531,8.92295585,9.229718347,8.936882024,8.897652614,8.215730949,8.43503057,9.790396977
IGF2R,10.07588299,10.68228926,10.13043429,9.714679171,9.833017943,9.959460357,10.85128361,9.793613872,9.806821438
IGLL1,7.00106292,4.399760333,5.328154524,4.545589181,4.599533997,5.379811646,5.289421913,5.379811646,4.457619139
IKBKB,8.180436862,8.536918826,8.235422119,8.224129809,8.80166959,8.933852386,8.975056709,9.052536005,7.858453327
IKBKE,9.011054262,8.960525779,8.647812078,8.99526413,8.843508191,8.897652614,8.534038949,8.92295585,8.674921176
IKBKG,8.296832848,9.604057489,9.557742399,10.35359732,8.975056709,8.950012195,10.03000856,10.5472852,8.977755459
IL10,4.234301103,4.991039149,4.349460793,4.202958247,4.017996205,4.457619139,4.904039998,4.364499911,4.633922667
IL10RA,9.163751781,9.146757702,8.712784521,9.322660362,9.557742399,9.647630014,8.069268334,8.866705267,8.85474936
IL11,6.896372077,5.713983513,6.992958639,6.130766139,6.068565187,6.762095459,5.129773392,6.479674029,6.047690794
IL11RA,8.650394976,9.044116828,8.337182927,7.525490476,8.957669411,9.015613595,9.837886871,8.157815904,9.634404303
IL12A,4.399760333,4.633922667,4.379539029,3.917032847,4.419981636,3.897041924,5.419895743,4.419981636,4.457619139
IL12B,7.82073321,7.900171441,7.487617425,7.633800573,7.665939443,7.879518315,8.007656684,8.731675453,8.118660168
IL12RB1,10.45537563,8.246054343,8.206082676,7.694959093,8.270607674,8.270607674,7.963741311,8.104981422,7.570664717
IL12RB2,6.758142514,6.74783985,6.375660584,6.754189569,6.775103554,6.145747505,7.502649071,7.245581048,7.372360807
IL13,8.344176299,7.058413715,7.682067339,6.662108482,7.505250909,7.850180552,7.445595336,7.160179645,7.012445324
IL13RA1,9.149628101,10.2508849,11.44549134,11.70774708,10.95901651,10.48001738,12.10886503,11.59853674,11.68159315
IL13RA2,5.988548312,6.053649718,6.068565187,6.496818428,5.617059848,5.832607922,6.94728214,6.891569626,7.630095403
IL15,8.552044532,7.845738055,8.536918826,7.944004634,7.891937288,7.53224177,7.694959093,8.825782692,7.499952683
IL15RA,9.457895215,8.627124421,9.536122474,9.0774003,9.218181238,9.329577109,8.069268334,8.833573191,9.293535789
IL16,8.479018783,8.593974036,8.747940597,9.634404303,9.048282796,9.484165839,8.482481489,8.520247433,8.68881146
IL17A,3.457853018,3.897041924,4.294074357,3.812246973,3.371364915,3.047905216,3.047905216,3.60074843,4.904039998
IL17B,6.241890103,4.805644901,5.937482809,4.696179308,4.8594501,5.232331163,3.047905216,5.40498677,3.72762446
IL17F,8.774627538,8.716856461,7.911323889,7.745477395,7.810381271,8.044284456,8.392605993,8.662970546,8.737016271
IL17RA,8.695441096,8.825782692,7.792191597,8.482481489,8.564997875,8.220642815,8.825782692,8.242576357,9.060296658
IL17RB,10.03000856,10.23712629,9.564466046,10.14985354,10.55366783,9.823410146,9.319270781,9.582301057,10.13866538
IL18,9.149628101,8.687498989,8.363444417,8.503062167,8.806341871,9.309944821,8.451787957,8.633878079,8.599798071
IL18R1,6.953146366,6.96238506,7.773976538,7.855615013,7.492539086,7.115580508,7.345608485,7.145319467,7.828953368
IL18RAP,7.472660372,6.341568009,7.02277609,7.671547799,6.375660584,7.115580508,6.516027102,7.245581048,6.803238816
IL19,3.105249327,3.276055353,3.15399154,4.308025058,3.647368099,4.364499911,4.364499911,4.150219411,5.360341502
IL1A,7.317221558,7.041291455,6.394673207,7.5792222,6.210959664,7.254901822,7.5879601,7.768567335,7.720596522
IL1B,9.242497852,8.510721405,8.500078739,7.792191597,7.863218563,8.075305522,7.847959304,8.933852386,8.344176299
IL1R1,7.21658156,9.806821438,9.928523222,9.406813051,9.422649829,9.344169744,9.493076344,9.521238838,10.0802362
IL1R2,8.031402696,8.333250409,8.531159072,7.720596522,7.918772366,7.726580962,8.215730949,7.926475158,8.465076388
IL1RAP,7.920641094,9.079920614,10.2095304,9.806821438,9.761661468,10.22025013,9.64291886,9.344169744,8.712784521
IL1RAPL2,7.02277609,7.663758768,6.839183437,7.358713436,7.302229943,6.611420213,7.658986854,8.120628477,8.570506867
IL1RL1,7.585755915,7.723588742,6.633343324,7.00106292,7.331781807,6.328135,7.694959093,7.585755915,7.858453327
IL1RL2,6.483621386,6.94728214,6.068565187,5.006364994,6.375660584,5.40498677,5.937482809,6.505716142,7.103606586
IL1RN,9.364284756,8.265961588,8.762588489,7.770206633,8.044284456,8.720928401,8.944144148,8.296832848,8.525260786
IL2,7.103606586,6.992958639,6.516027102,7.164699309,5.891098668,6.350405649,7.270193827,8.035833512,7.232226351
IL21,7.449304149,7.270193827,7.175045302,7.838748076,6.712961437,7.293919328,7.963741311,8.374059117,7.75511313
IL21R,8.381401691,6.891569626,7.131815044,7.078744173,6.973530142,7.395812979,6.197780488,6.987129698,5.251387517
IL22,7.42841619,7.02277609,6.633343324,6.807743022,6.468174117,6.505716142,7.502649071,7.661578093,7.70487092
IL22RA1,9.158554692,7.922509822,8.254666411,7.131815044,8.692782514,7.041291455,8.188367725,7.547510946,9.079920614
IL22RA2,4.399760333,3.967596465,3.97769749,4.041127994,4.064259783,4.545589181,5.129773392,4.599533997,4.113275313
IL23A,7.633800573,7.208767732,6.812094966,6.408357419,6.468174117,6.375660584,8.069268334,6.681358918,6.918966841
IL23R,8.270607674,7.949610018,7.286369745,7.42841619,7.358713436,7.305882718,7.541044364,8.420666121,7.828953368
IL24,8.126243288,7.723588742,7.922509822,7.770206633,7.236337727,7.581386965,8.126243288,8.790679538,8.306087269
IL25,8.35697221,6.688236429,7.720596522,6.364464373,7.02277609,7.401676564,7.046419806,7.63987691,6.725302684
IL26,7.930440494,7.682067339,7.426263653,7.259981948,6.868874478,7.278645263,8.371697779,8.00561246,8.486039795
IL27,9.048282796,6.559468919,7.309936675,6.250061165,7.372360807,6.973530142,8.550381393,6.953146366,6.681358918
IL2RA,8.666039058,8.570506867,7.701716073,8.124420037,8.317824585,8.315532186,8.627124421,8.534038949,8.376420456
IL2RB,9.499609376,7.900171441,8.185433146,8.292594522,8.081557191,8.486039795,6.823952225,7.115580508,6.35924329
IL2RG,7.084025405,8.385009535,8.054053283,8.912480315,9.349242378,9.319270781,7.770206633,7.969582816,8.00963711
IL3,7.502649071,6.585780314,6.812094966,6.145747505,6.375660584,6.992958639,7.155659982,6.725302684,6.264949501
IL32,8.80400573,10.13866538,11.08864468,12.9231644,12.48016955,12.9231644,10.83337207,13.8023746,12.99489222
IL34,4.234301103,4.8594501,4.586295185,5.070403832,6.807743022,4.612772809,5.289421913,4.294074357,4.457619139
IL3RA,4.113275313,5.251387517,6.668294945,5.31543769,6.603386273,5.762240037,5.937482809,5.854885158,5.824019851
IL4,7.354186321,6.174086423,6.793423129,5.762240037,5.751293975,7.483310234,6.823952225,6.595352333,6.280948348
IL4R,10.23712629,8.883525312,10.41186098,8.963382147,9.903915217,8.909842072,9.303184157,8.870908915,9.176168402
IL5,7.797751506,7.40776658,7.155659982,7.259981948,7.049990459,7.40776658,7.963741311,8.413917482,7.983991232
IL5RA,7.374878841,7.417309802,6.96238506,7.847959304,7.139557475,7.38066416,7.847959304,7.888157387,7.937189802
IL6,4.498260144,4.545589181,6.35924329,4.349460793,4.150219411,3.72762446,3.617594707,3.202733753,4.25721238
IL6R,8.459464195,9.938599166,11.15131971,10.13866538,9.912841997,10.26213034,11.90414044,11.06683372,12.24600004
IL6ST,11.17592642,11.30411302,11.59853674,11.77554511,11.57622378,11.36840484,11.10580396,12.20207474,11.42107664
IL7,8.915118559,8.00561246,8.210846098,7.958631071,7.891937288,9.12357325,8.570506867,9.074814442,8.098295833
IL7R,7.529386821,7.833785678,8.220642815,9.682321395,9.478792662,8.992781935,8.031402696,8.35876657,8.354381098
IL8,9.437092841,10.18302647,9.638661581,9.755919087,8.76502372,7.645572145,7.213215356,9.264969899,9.796830767
IL9,6.184601312,5.665908686,5.100088612,4.25721238,5.328154524,4.586295185,5.584365175,5.646926942,5.868685462
ILF3,11.97459186,12.391275,11.22088754,11.39669916,11.30411302,10.35955878,10.73684413,11.27525845,11.57622378
INPP5D,8.15553276,8.210846098,7.939463509,8.412194647,8.475556077,8.619377069,7.847959304,7.831023454,7.818146984
IRAK1,9.264969899,10.3169505,10.42656825,11.15131971,9.49634286,9.232896797,10.72001538,9.755919087,10.26213034
IRAK2,6.868874478,9.541989648,9.084617537,8.624596598,9.036490546,8.558403842,9.659678505,7.958631071,10.04105357
IRAK4,8.10735104,8.548718255,8.80166959,8.486039795,8.674921176,8.254666411,9.484165839,8.657933395,8.591651585
IRF1,6.287821438,8.726224188,9.063804102,8.558403842,8.980454209,8.860274812,9.097545063,9.327813526,8.781198112
IRF2,8.281160803,9.056789215,9.920203466,9.358459913,9.095156358,9.242497852,9.536122474,10.04105357,9.20841465
IRF3,8.29015611,8.790679538,8.698783494,8.344176299,9.194773361,7.502649071,9.398337649,8.055879169,8.66045197
IRF4,11.3209348,9.528275618,8.619377069,9.470221313,8.837581298,8.712784521,8.1670553,9.099933768,7.281061633
IRF5,8.488039571,7.630095403,8.312372658,8.220642815,8.10735104,7.999015186,8.690123931,8.112865754,7.349970559
IRF7,9.673969563,8.071263251,9.158554692,8.514245397,9.689986154,8.482481489,9.682321395,9.13387976,9.167632656
IRF8,8.137468681,7.810381271,8.429517928,8.684473261,8.49709531,9.176168402,6.688236429,7.818146984,7.858453327
IRGM,5.535154753,4.805644901,5.97698894,6.87450956,4.457619139,6.762095459,5.937482809,6.15465952,6.973530142
ISG15,8.944144148,8.875147527,9.406813051,8.552044532,10.13866538,8.655455634,9.412541512,9.11937568,9.40257535
ISG20,8.193022151,8.2725823,9.031545596,8.412194647,8.383205613,7.434026135,8.354381098,7.358713436,8.703996145
ITCH,11.03094982,10.72001538,10.80003033,10.97811082,10.91941446,10.80003033,11.25181995,10.81824678,11.17592642
ITGA1,8.437791936,9.833017943,11.70774708,10.59381062,10.85128361,10.9377498,11.06683372,11.01400126,11.25181995
ITGA2,6.241890103,6.641433031,8.657933395,7.761154436,7.160179645,5.785406727,6.94728214,8.19498556,7.401676564
ITGA2B,8.72894982,7.151081458,7.939463509,6.585780314,6.99701078,6.700598933,6.595352333,7.768567335,7.204320108
ITGA4,7.831023454,7.818146984,7.773976538,8.397242293,8.180436862,8.395258851,6.823952225,7.492539086,6.918966841
ITGA5,8.635249075,9.506193983,10.74637584,9.004100508,10.5120467,9.851878707,10.80003033,9.493076344,10.95901651
ITGA6,10.35359732,11.42107664,10.3169505,9.506193983,9.891644702,8.68881146,9.706675215,10.57242427,10.99691617
ITGAE,6.138256822,9.063804102,8.054053283,7.078744173,7.200130645,7.232226351,9.273212505,6.23371904,8.054053283
ITGAL,9.251582391,9.398337649,9.959460357,9.336385183,10.06208609,10.57242427,10.101207,9.063804102,7.685305259
ITGAM,7.761154436,8.695441096,7.618386956,8.140134608,8.309213129,8.185433146,7.541044364,9.215484135,7.561231101
ITGAX,9.109255364,9.290773059,8.52275411,9.270430804,9.666715823,10.04105357,8.392605993,8.990299741,9.452832552
ITGB1,12.85426195,13.05000727,12.69274229,12.78558561,13.36300877,12.391275,12.20207474,11.94090831,13.13313361
ITGB2,8.837581298,9.336385183,8.583586579,9.536122474,9.326049944,10.40207421,8.392605993,8.851386346,8.294713685
ITGB3,6.712961437,6.12007541,7.858453327,6.174086423,6.973530142,5.508900997,6.516027102,6.758142514,7.918772366
ITGB4,10.49845654,7.561231101,8.905931605,7.908081749,8.536918826,7.594562711,8.149871505,7.194492835,7.401676564
ITK,8.970524712,8.134779636,8.292594522,8.593974036,8.490039347,8.76502372,8.327323137,9.146757702,8.220642815
JAK1,10.07588299,10.97811082,10.32664048,10.12327029,10.61590378,9.869572379,10.60971728,10.70347019,10.47072146
JAK2,7.882929432,9.10655086,8.930822747,9.312096675,9.146757702,9.437092841,9.62368639,9.437092841,9.484165839
JAK3,8.408670476,7.63987691,8.246054343,8.376420456,8.227937838,7.891937288,6.688236429,6.280948348,6.681358918
JAM3,8.312372658,8.164948699,8.484260642,9.13387976,8.76502372,8.633878079,8.412194647,8.222386312,8.622068775
KIR3DL1,8.231745867,5.793150662,7.107984002,6.210959664,7.460179031,7.623672461,7.091666564,7.194492835,7.937189802
KIR3DL2,8.589329134,7.709194943,7.78517468,6.918966841,8.057705056,8.003568237,6.294694527,7.411371756,6.803238816
KIR3DL3,8.115762961,7.510587974,7.309936675,6.662108482,7.656395615,7.35207844,6.125420774,7.63987691,7.078744173
KIR_Activating_Subgroup_1,3.851131931,3.276055353,3.756657119,4.25721238,2.349687561,4.308025058,3.897041924,3.047905216,3.799281083
KIR_Activating_Subgroup_2,7.797751506,8.413917482,7.765591259,7.818146984,7.966849395,7.278645263,5.937482809,7.806078494,7.858453327
KIR_Inhibiting_Subgroup_1,4.399760333,4.150219411,3.97769749,4.128973588,3.97769749,4.991039149,3.897041924,4.84407437,4.457619139
KIR_Inhibiting_Subgroup_2,3.967596465,4.731162769,5.100088612,3.812246973,3.825212863,4.655072524,3.897041924,4.599533997,4.904039998
KIT,6.839183437,5.665908686,6.443242035,5.84374654,6.12007541,5.929787973,7.127496029,5.922093136,6.992958639
KLRB1,5.340871359,5.594139875,6.414542961,8.172726116,7.767079297,6.807743022,5.937482809,5.340871359,4.633922667
KLRC1,8.381401691,8.320116984,7.554066194,7.818146984,7.961186191,8.104981422,8.188367725,8.596886053,7.331781807
KLRC2,7.26762795,7.623672461,7.439685032,6.820199568,6.526338062,7.826883281,8.069268334,8.550381393,7.349970559
KLRD1,4.113275313,4.633922667,4.8594501,4.655072524,4.364499911,4.937061447,4.364499911,4.477939642,4.041127994
KLRF1,7.521594132,8.029492852,7.175045302,7.240449103,7.200130645,7.265062073,8.482481489,8.397242293,7.331781807
KLRG1,4.937061447,6.077521732,4.937061447,5.574590475,7.084025405,6.301114785,6.823952225,5.302429801,5.535154753
KLRK1,6.264949501,7.479003044,7.369842774,7.502649071,7.952947983,8.674921176,7.808229883,7.095447866,7.049990459
LAG3,5.207823227,7.5879601,5.762240037,5.51840002,6.99701078,6.924713094,6.94728214,5.793150662,5.594139875
LAIR2,8.900452529,8.747940597,8.385009535,8.616685363,8.574012027,9.001706086,8.149871505,8.762588489,8.612440184
LAMP1,12.5961492,12.54218813,11.94090831,12.99489222,11.80751257,12.07754452,12.69274229,12.34539454,11.44549134
LAMP2,8.833573191,10.81824678,10.73684413,11.34178904,11.15131971,10.45537563,11.36840484,10.85128361,11.10580396
LAMP3,7.317221558,7.521594132,8.224129809,8.473448975,7.460179031,8.420666121,7.270193827,7.782621462,7.735747086
LBP,10.22025013,9.842755799,12.63820875,12.34539454,11.65049586,12.4427271,12.4427271,11.62409744,13.8023746
LCK,7.613182096,7.908081749,7.194492835,8.599798071,8.001291711,8.756816672,7.5879601,7.541044364,6.891569626
LCN2,6.483621386,9.111959867,8.977755459,13.67868456,6.307535043,10.32664048,7.046419806,10.41186098,12.29462228
LCP1,10.5472852,10.87955928,10.47072146,10.85128361,10.35955878,11.25181995,10.30213141,9.851878707,9.545455379
LGALS3,8.446947651,9.903915217,10.57242427,10.57242427,9.924363344,10.97811082,8.392605993,9.251582391,8.813421627
LIF,8.781198112,6.931530581,8.619377069,7.872805788,7.779364304,6.896372077,7.046419806,7.084025405,6.953146366
LILRA1,6.553246151,6.57776104,6.565691687,6.059608642,6.414542961,6.668294945,6.823952225,6.443242035,6.681358918
LILRA4,5.535154753,4.399760333,5.617059848,5.40498677,5.563249981,5.815431781,4.612772809,5.882485765,5.699436971
LILRA5,8.875147527,7.494897691,7.850180552,7.21658156,7.810381271,7.767079297,6.125420774,7.464307888,7.430568728
LILRB1,7.236337727,7.833785678,7.682067339,7.926475158,7.476908701,8.440553302,6.823952225,7.623672461,7.642248077
LILRB2,8.85474936,8.102611804,8.500078739,8.52275411,8.294713685,9.326049944,7.213215356,8.19498556,8.018607172
LILRB3,8.248323684,7.259981948,7.600851314,7.598401739,7.439685032,7.581386965,6.94728214,7.445595336,7.103606586
LRP1,11.15131971,11.39669916,11.27525845,11.50540779,11.25181995,11.49510384,11.94090831,11.88133891,10.86511502
LRRN3,6.429375048,6.74783985,6.992958639,7.916669198,6.603386273,7.633800573,7.770206633,7.876107198,8.083648089
LTA,9.76740385,8.767458951,8.104981422,7.901865466,8.069268334,8.027583008,8.252629718,8.500078739,7.765591259
LTB,10.01009687,8.029492852,7.992366994,9.095156358,8.574012027,8.564997875,7.694959093,7.557648648,6.625253618
LTBR,9.920203466,11.08864468,10.6708669,10.74637584,10.76782179,11.01400126,12.34539454,11.25181995,10.35359732
LTF,8.992781935,7.596482225,7.88554341,8.35876657,7.745477395,8.112865754,7.345608485,7.768567335,7.254901822
LTK,9.171900529,6.45454202,8.363444417,7.358713436,6.845475937,7.776107146,6.823952225,7.358713436,6.019226649
LY86,8.09216041,8.190694938,7.460179031,8.178375157,7.671547799,8.655455634,7.900171441,8.071263251,7.987856514
LY9,9.312096675,8.599798071,8.662970546,8.781198112,8.525260786,8.886104679,8.069268334,9.557742399,9.13082529
LY96,5.804291221,8.180436862,8.413917482,8.548718255,8.820323195,9.194773361,7.733914822,10.12327029,7.838748076
LYN,5.31543769,8.35697221,7.682067339,7.770206633,8.093979861,7.483310234,7.5879601,8.35876657,7.882929432
MAF,8.92295585,9.167632656,9.582301057,8.890478689,9.673969563,9.10655086,9.938599166,8.894852699,10.64937064
MAGEA1,5.594139875,5.328154524,7.82073321,9.22087834,7.823808246,8.231745867,5.129773392,5.740347914,5.769951415
MAGEA12,7.810381271,9.62368639,6.125420774,5.434804717,6.000107683,5.563249981,9.993066229,6.317835022,6.839183437
MAGEA3,10.53520036,11.97459186,7.5133232,10.2095304,7.603300889,7.663758768,12.02478334,7.63987691,7.317221558
MAGEA4,5.762240037,6.145747505,5.379811646,5.006364994,4.655072524,6.000107683,4.904039998,5.574590475,5.699436971
MAGEB2,8.695441096,8.405146305,6.668294945,5.910902353,7.618386956,5.97698894,9.22087834,7.38066416,7.806078494
MAGEC1,6.712961437,7.095447866,7.091666564,6.009667166,6.174086423,5.563249981,8.327323137,6.540493985,7.127496029
MAGEC2,6.184601312,8.657933395,7.426263653,7.618386956,6.526338062,6.483621386,8.371697779,7.398744772,8.315532186
MAP2K1,8.963382147,10.07152977,10.52223285,9.656009836,9.449348376,9.303184157,9.806821438,9.316759655,9.833017943
MAP2K2,10.90334059,11.75365188,11.19766951,11.50540779,10.9377498,10.2508849,11.08864468,10.87955928,11.59853674
MAP2K4,8.787724975,8.737016271,8.875147527,8.655455634,8.85474936,8.944144148,10.0802362,8.723576294,9.044116828
MAP3K1,9.256964736,9.755919087,8.977755459,8.86349004,9.082440928,8.531159072,8.782984262,8.614562773,9.072228584
MAP3K5,10.19572853,8.900452529,10.09052434,9.548921111,9.232896797,9.111959867,9.891644702,9.714679171,8.246054343
MAP3K7,11.06683372,10.37422105,10.01990331,9.993066229,9.971381506,9.62368639,10.35955878,10.22893157,9.270430804
MAP4K2,7.5133232,8.00561246,9.13387976,7.890047338,8.593974036,8.333250409,9.506193983,7.685305259,9.303184157
MAPK1,10.37422105,11.03094982,9.891644702,10.09052434,10.0802362,9.682321395,9.882000641,9.862510654,10.40207421
MAPK11,6.553246151,5.868685462,6.733396408,6.540493985,7.236337727,7.19731174,6.595352333,6.257505333,8.80166959
MAPK14,10.6708669,12.20207474,10.99691617,10.26213034,10.45537563,10.53520036,10.74637584,10.91941446,10.85128361
MAPK3,9.12777082,10.65679742,9.412541512,8.85474936,9.364284756,9.044116828,9.433537062,8.837581298,8.963382147
MAPK8,8.580551883,9.512521462,9.309944821,9.111959867,8.420666121,8.490039347,9.499609376,7.568048303,9.412541512
MAPKAPK2,8.312372658,9.724272107,10.45537563,10.03000856,9.682321395,9.380835365,10.34277445,10.29068241,10.05203166
MARCO,7.250712993,6.863239396,7.326666306,8.287717698,7.745477395,9.466589596,7.213215356,6.317835022,7.028108429
MASP1,9.084617537,7.663758768,8.823052944,8.564997875,9.49634286,8.747940597,11.12961288,9.006494929,8.742550382
MASP2,8.635249075,8.662970546,9.833017943,8.542384025,11.0474582,10.5472852,8.72894982,10.2508849,8.118660168
MAVS,10.97811082,11.27525845,9.859458477,10.43529498,9.781598548,9.634404303,10.59381062,9.652341167,9.971381506
MBL2,5.251387517,7.095447866,6.294694527,9.282655168,10.19572853,10.41186098,8.299897128,9.828214045,8.333250409
MCAM,7.535096719,8.638274971,8.444851707,8.371697779,8.681447534,7.00106292,8.451787957,7.38066416,8.525260786
MEF2C,7.194492835,8.083648089,8.940513086,9.275994207,8.992781935,8.6060964,8.520247433,8.860274812,8.756816672
MEFV,7.598401739,6.74783985,7.838748076,5.631993395,7.270193827,7.012445324,6.516027102,6.12007541,8.162842098
MERTK,9.541989648,9.521238838,8.868807091,8.86349004,9.512521462,9.859458477,9.859458477,10.74637584,9.928523222
MFGE8,12.69274229,11.83672428,9.732408792,10.86511502,10.11028446,9.392829244,9.046199812,8.767458951,9.62368639
MICA,8.203843101,8.883525312,8.250593025,7.449304149,8.63992987,8.337182927,8.960525779,7.671547799,7.949610018
MICB,8.759702581,8.558403842,9.264969899,8.102611804,8.180436862,8.15553276,9.466589596,8.650394976,7.456050174
MIF,13.67868456,9.426315556,11.83672428,11.65049586,9.528275618,11.77554511,11.88133891,11.83672428,13.22134834
MME,8.218186882,7.758133783,8.075305522,7.547510946,7.525490476,7.806078494,8.440553302,11.08864468,7.898477416
MNX1,7.103606586,5.89971157,6.611420213,5.713983513,5.392399208,5.868685462,4.904039998,5.97698894,5.769951415
MPPED1,10.63705195,8.503062167,9.176168402,7.131815044,8.624596598,8.737016271,7.38602445,7.733914822,8.510721405
MR1,7.682067339,7.974772864,7.958631071,8.309213129,7.836547902,8.327323137,8.149871505,8.561700859,8.320116984
MRC1,6.712961437,8.437791936,8.454532321,8.972790711,9.260967318,8.784770412,8.690123931,8.782984262,8.977755459
MRPS5,10.82580942,11.36840484,10.86511502,10.52223285,10.40207421,10.62209028,10.90334059,10.83337207,11.47025424
MS4A1,6.973530142,6.712961437,5.868685462,8.638274971,7.787727898,5.785406727,6.414542961,6.863239396,6.301114785
MS4A2,7.254901822,6.798734609,6.590566323,7.02277609,6.414542961,6.394673207,7.091666564,7.492539086,7.204320108
MSR1,8.465076388,9.949161622,9.229718347,9.790396977,9.859458477,10.47072146,8.767458951,9.663197164,9.386742806
MST1R,7.77184593,6.913220587,8.99526413,7.331781807,7.985923873,7.70487092,7.502649071,7.320452483,7.419642673
MTMR14,10.12327029,10.01009687,9.790396977,9.971381506,9.536122474,9.740415998,10.04105357,9.920203466,9.689986154
MUC1,6.505716142,4.215370907,8.462270292,9.329577109,4.920550722,8.68881146,5.937482809,4.937061447,8.306087269
MX1,9.389786025,9.882000641,10.04105357,10.77891356,11.17592642,9.336385183,10.22893157,11.0474582,10.5472852
MYD88,10.11028446,10.03000856,9.755919087,10.72001538,10.35359732,9.706675215,10.68228926,10.40207421,10.2508849
NCAM1,9.938599166,7.470506387,8.215730949,7.745477395,7.767079297,8.054053283,7.445595336,7.794971552,7.554066194
NCF4,7.573281131,7.930440494,7.594562711,8.49709531,8.044284456,8.536918826,6.294694527,7.838748076,7.818146984
NCR1,6.019226649,5.251387517,6.019226649,5.270404715,5.183315291,5.183315291,6.197780488,5.815431781,5.360341502
NEFL,6.839183437,7.151081458,5.937482809,6.364464373,6.526338062,6.913220587,6.823952225,7.160179645,7.541044364
NEG_A,3.702382975,3.512125391,3.851131931,3.239394553,3.202733753,3.047905216,4.150219411,3.825212863,3.72762446
NEG_B,3.702382975,3.617594707,3.431876385,3.609171568,3.742140789,2.774662683,3.617594707,3.967596465,4.170382499
NEG_C,3.702382975,4.190545587,3.54042113,3.431876385,3.937264144,3.812246973,5.584365175,3.702382975,3.54042113
NEG_D,3.457853018,3.276055353,4.8594501,3.239394553,4.113275313,3.483829652,4.364499911,3.40162065,5.360341502
NEG_E,3.967596465,3.777969101,4.150219411,3.877051,3.937264144,4.041127994,5.419895743,3.967596465,3.897041924
NEG_F,4.113275313,3.967596465,4.224836005,3.609171568,4.224836005,3.60074843,6.294694527,3.702382975,5.129773392
NEG_G,2.562175122,3.617594707,2.774662683,2.774662683,2.990561106,2.349687561,4.150219411,3.047905216,3.617594707
NEG_H,3.851131931,3.617594707,3.431876385,3.047905216,3.202733753,3.371364915,4.904039998,2.774662683,3.047905216
NFATC1,7.573281131,7.232226351,8.437791936,7.483310234,8.075305522,6.45454202,6.823952225,7.320452483,8.449043594
NFATC2,11.5413939,9.706675215,9.481479251,9.777469211,9.218181238,9.790396977,8.890478689,9.364284756,10.45537563
NFATC3,10.29068241,10.70347019,9.236075246,9.512521462,9.740415998,9.270430804,10.3169505,9.398337649,9.76740385
NFATC4,9.060296658,7.283478003,7.992366994,8.011617537,8.112865754,8.196948969,7.502649071,7.992366994,7.349970559
NFKB1,7.103606586,8.218186882,8.292594522,8.2725823,8.120628477,7.908081749,7.963741311,8.614562773,7.898477416
NFKB2,9.64291886,9.652341167,9.882000641,9.938599166,10.101207,9.592399233,10.23712629,9.873581926,9.865562831
NFKBIA,10.82580942,10.26213034,11.62409744,11.88133891,11.68159315,10.68228926,11.65049586,12.05114726,12.07754452
NLRC5,8.752450911,8.806341871,7.808229883,8.044284456,8.930822747,8.550381393,9.176168402,7.598401739,7.898477416
NLRP3,8.15553276,7.689133113,8.090340959,8.029492852,7.5792222,7.767079297,6.414542961,8.413917482,8.023783907
NOD1,9.561104222,8.754633791,8.840544745,8.80166959,8.813421627,8.643870974,8.650394976,8.909842072,8.333250409
NOD2,7.058413715,7.709194943,7.07346294,7.439685032,8.018607172,7.564639702,7.985923873,6.863239396,7.240449103
NOL7,8.936882024,11.80751257,9.740415998,9.204593641,9.541989648,9.167632656,10.29068241,9.993066229,10.19572853
NOS2A,5.699436971,2.349687561,5.762240037,4.128973588,4.308025058,4.113275313,4.150219411,6.863239396,5.988548312
NOTCH1,8.146493393,8.327323137,9.056789215,9.068016343,8.652977873,8.619377069,8.007656684,9.364284756,8.750195754
NRP1,11.36840484,11.01400126,10.63705195,11.0474582,10.77891356,10.6708669,10.20262947,11.15131971,9.959460357
NT5E,11.25181995,10.5472852,9.714679171,10.23712629,10.65679742,10.12327029,10.6708669,9.982375339,9.470221313
NUBP1,6.287821438,8.475556077,8.552044532,6.23371904,7.557648648,6.408357419,8.149871505,6.803238816,7.570664717
NUP107,11.22088754,10.52223285,9.847317253,9.873581926,10.00407001,9.426315556,10.11028446,10.35359732,10.32664048
OAS3,8.344176299,8.633878079,9.109255364,8.570506867,9.282655168,8.381401691,9.158554692,9.539056061,9.429981283
OSM,7.992366994,6.625253618,6.733396408,5.910902353,6.174086423,6.581770677,6.414542961,6.059608642,6.585780314
PASD1,8.35697221,9.470221313,3.756657119,3.047905216,3.202733753,3.202733753,3.371364915,3.40162065,3.54042113
PAX5,8.050937975,7.398744772,7.626883932,7.175045302,6.565691687,7.521594132,7.847959304,7.605397443,6.45454202
PBK,9.001706086,9.184665866,8.35697221,8.231745867,8.090340959,7.980610361,8.870908915,8.337182927,9.060296658
PDCD1,8.454532321,6.611420213,7.202225376,5.956982723,5.68489043,7.041291455,5.584365175,7.006754122,6.089981384
PDCD1LG2,5.594139875,5.449148365,6.375660584,5.910902353,5.713983513,6.210959664,4.150219411,5.551909487,4.633922667
PDGFC,8.142800535,8.389953135,7.983991232,8.731675453,8.366327905,7.776107146,8.944144148,9.386742806,7.75511313
PDGFRB,9.536122474,10.30213141,10.17255535,10.60971728,10.68228926,10.5120467,9.736412395,9.736412395,9.714679171
PECAM1,8.422810885,9.613770183,10.77891356,11.47025424,10.23712629,10.83337207,9.371494204,9.897779959,9.582301057
PIK3CD,9.171900529,9.006494929,7.838748076,8.52275411,8.389953135,9.052536005,7.808229883,7.826883281,7.372360807
PIK3CG,8.816872411,7.776107146,7.535096719,8.473448975,8.160329001,8.520247433,7.5879601,8.213288523,7.792191597
PIN1,8.624596598,9.484165839,9.12777082,8.662970546,9.031545596,7.916669198,9.349242378,8.796362326,9.561104222
PLA2G1B,7.867324931,7.19731174,7.222019352,7.091666564,7.012445324,7.776107146,8.069268334,7.855615013,7.204320108
PLA2G6,8.624596598,8.446947651,7.505250909,8.296832848,8.875147527,8.966953429,9.908378607,8.162842098,9.781598548
PLAU,9.13387976,8.936882024,8.731675453,9.099933768,9.20841465,9.1524985,8.007656684,8.695441096,8.392605993
PLAUR,9.027288924,9.048282796,8.627124421,8.381401691,8.734345862,8.781198112,7.445595336,8.175550637,8.912480315
PMCH,8.126243288,7.992366994,7.145319467,7.598401739,7.107984002,7.713518966,8.690123931,8.397242293,8.392605993
PNMA1,8.650394976,9.1524985,8.292594522,8.446947651,7.908081749,8.440553302,8.392605993,7.26762795,8.897652614
POLR2A,12.14377682,11.06683372,10.53520036,10.48001738,10.12327029,10.38853234,10.32664048,10.59381062,9.773339873
POS_A,15.75275142,13.87475092,12.78558561,13.30997293,13.22134834,12.69274229,15.33454528,13.97839053,13.36300877
POS_B,14.20277655,12.02478334,11.42107664,11.97459186,11.62409744,11.39669916,13.97839053,12.54218813,11.80751257
POS_C,12.20207474,10.27942875,9.938599166,10.0802362,9.938599166,9.773339873,12.29462228,10.80003033,10.17255535
POS_D,9.478792662,8.399225734,8.302961408,8.007656684,8.180436862,7.541044364,10.5120467,9.023032253,8.577517186
POS_E,6.138256822,5.832607922,5.449148365,4.828698639,5.021690839,4.904039998,8.674921176,6.019226649,5.922093136
POS_F,5.937482809,5.183315291,4.756876966,4.399760333,4.599533997,4.280123657,8.591651585,5.463492013,5.183315291
POU2AF1,8.077385908,8.112865754,7.369842774,7.983991232,7.5133232,7.35207844,7.313990633,7.245581048,7.155659982
POU2F2,5.40498677,5.535154753,5.021690839,6.317835022,5.785406727,5.340871359,5.584365175,5.006364994,5.021690839
PPARG,9.312096675,9.225262524,8.512483401,8.878046736,8.415640316,8.980454209,8.767458951,9.099933768,8.616685363
PPBP,4.84407437,6.053649718,4.457619139,4.586295185,3.825212863,5.129773392,3.897041924,8.040746245,8.731675453
PPIA,9.457895215,9.564466046,9.371494204,9.204593641,8.558403842,9.466589596,10.01990331,8.633878079,9.916522732
PRAME,14.42240893,8.781198112,8.990299741,7.554066194,8.376420456,8.292594522,7.127496029,7.908081749,7.663758768
PRF1,8.890478689,8.843508191,8.68881146,8.459464195,8.210846098,9.095156358,8.712784521,7.977229491,7.806078494
PRG2,8.126243288,7.320452483,8.351789987,7.21658156,8.444851707,8.381401691,7.155659982,8.011617537,7.876107198
PRKCD,10.80003033,10.101207,8.567752371,9.398337649,8.734345862,8.875147527,9.327813526,8.456998258,8.723576294
PRKCE,6.924713094,7.949610018,7.474814358,6.733396408,8.503062167,6.350405649,8.837581298,7.456050174,7.999015186
PRM1,9.279324688,7.801434502,7.652645914,6.886767175,7.38602445,7.426263653,6.125420774,7.430568728,6.369685456
PRPF38A,10.64937064,10.40207421,10.22893157,10.06208609,10.05203166,10.06208609,10.13866538,10.63705195,10.09052434
PSEN1,9.833017943,9.097545063,10.00708344,9.380835365,9.247040122,9.647630014,9.572764186,9.912841997,10.101207
PSEN2,7.561231101,8.281160803,9.796830767,8.813421627,8.992781935,8.201603526,9.167632656,9.256964736,10.12327029
PSMB10,8.957669411,9.462957879,8.950012195,9.12357325,9.613770183,8.905931605,9.908378607,7.958631071,8.525260786
PSMB7,11.42107664,12.48016955,10.91941446,11.25181995,10.6708669,11.19766951,11.01400126,11.65049586,11.39669916
PSMB8,8.270607674,10.49845654,11.12961288,10.17779091,10.2095304,10.65679742,10.87955928,10.14985354,10.80003033
PSMB9,10.101207,10.47072146,10.68228926,10.101207,10.48001738,10.87955928,10.57242427,10.60971728,9.592399233
PSMD7,11.7359146,12.34539454,10.64937064,11.36840484,10.97811082,10.2095304,11.83672428,10.73684413,10.49845654
PTGDR2,8.188367725,8.075305522,7.637505744,7.510587974,7.331781807,8.007656684,7.502649071,7.787727898,6.938348069
PTGS2,7.663758768,8.2725823,7.858453327,8.075305522,7.937189802,7.952947983,8.188367725,9.236075246,8.703996145
PTPRC,7.703293496,9.282655168,8.840544745,9.528275618,9.568615116,10.09052434,9.023032253,8.550381393,8.897652614
PVR,10.22893157,10.53520036,10.2508849,9.76740385,9.924363344,9.732408792,9.608913836,9.793613872,10.9377498
PYCARD,9.470221313,7.698337583,8.652977873,7.439685032,8.215730949,8.193022151,8.674921176,7.479003044,7.401676564
RAG1,8.381401691,8.142800535,7.922509822,7.535096719,7.541044364,7.961186191,8.102611804,8.287717698,8.069268334
REL,8.327323137,7.999015186,8.883525312,7.882929432,8.180436862,7.840948251,8.550381393,8.427236788,8.178375157
RELA,9.582301057,8.950012195,9.184665866,8.972790711,8.482481489,8.542384025,9.303184157,9.22087834,8.880945945
RELB,6.059608642,7.573281131,8.153249616,7.494897691,8.602947236,6.641433031,8.506891786,7.175045302,8.510721405
REPS1,9.312096675,9.364284756,9.506193983,8.784770412,9.761661468,8.593974036,10.00407001,9.938599166,8.796362326
RIPK2,7.34124641,8.731675453,8.774627538,9.903915217,8.440553302,9.747586975,8.975056709,8.963382147,8.866705267
ROPN1,9.139593148,8.702125891,8.371697779,8.35876657,8.383205613,8.500078739,8.870908915,8.816872411,8.385009535
RORA,9.666715823,9.638661581,10.48001738,9.392829244,9.659678505,9.084617537,9.521238838,10.01990331,9.877791284
RORC,5.89971157,8.164948699,10.00708344,8.344176299,10.53520036,9.604057489,9.777469211,8.957669411,11.19766951
RPS6,16.44054815,15.33454528,13.58387453,14.65435826,13.87475092,13.87475092,14.20277655,13.36300877,13.58387453
RRAD,7.963741311,6.241890103,6.443242035,6.364464373,5.785406727,6.264949501,6.595352333,6.891569626,5.769951415
RUNX1,5.956982723,8.848023332,7.745477395,8.454532321,8.552044532,7.19731174,6.99701078,7.661578093,7.58355173
RUNX3,7.417309802,7.581386965,7.049990459,8.164948699,7.810381271,8.011617537,7.270193827,7.115580508,7.127496029
S100A12,8.180436862,7.605397443,7.992366994,7.656395615,7.568048303,7.434026135,7.900171441,8.883525312,8.550381393
S100A7,9.634404303,8.716856461,8.960525779,8.690123931,8.486039795,9.0774003,8.327323137,9.747586975,9.146757702
S100A8,7.103606586,6.45454202,7.838748076,6.987129698,6.896372077,7.492539086,5.727165714,8.500078739,9.392829244
S100B,7.541044364,6.483621386,7.063266318,6.468174117,6.264949501,6.241890103,5.769951415,7.219947764,6.241890103
SAA1,5.129773392,9.229718347,10.81824678,13.8023746,10.63705195,14.9235035,10.99691617,13.30997293,10.83337207
SAP130,8.257646281,9.666715823,9.319270781,8.203843101,8.868807091,8.071263251,9.086794146,8.750195754,9.666715823
SBNO2,7.900171441,8.972790711,9.163751781,8.936882024,8.944144148,8.15553276,8.451787957,8.998485108,9.048282796
SDHA,10.17255535,10.42656825,11.51571174,10.07152977,10.09052434,10.90334059,10.49845654,10.6708669,10.76782179
SELE,6.741490131,6.496818428,6.863239396,6.526338062,6.294694527,6.45454202,7.213215356,7.768567335,7.139557475
SELL,7.38066416,7.765591259,8.281160803,8.490039347,7.985923873,8.093979861,7.847959304,8.66910757,8.681447534
SELPLG,9.279324688,7.615784526,8.132090592,8.062388587,8.317824585,8.752450911,7.658986854,7.818146984,7.401676564
SEMG1,7.890047338,7.568048303,6.019226649,7.42841619,6.651770756,6.953146366,8.1670553,7.992366994,8.144646964
SERPINB2,3.457853018,4.399760333,3.756657119,3.54042113,4.113275313,3.60074843,4.150219411,3.40162065,5.021690839
SERPING1,11.80751257,13.30997293,14.20277655,12.85426195,14.42240893,13.97839053,14.9235035,13.22134834,14.42240893
SF3A3,11.75365188,11.19766951,9.773339873,10.38853234,10.03000856,9.673969563,10.77891356,10.77891356,10.22025013
SH2B2,7.21658156,6.505716142,7.145319467,6.585780314,7.032135767,7.041291455,7.939463509,6.443242035,7.547510946
SH2D1A,4.655072524,6.174086423,4.8594501,5.815431781,6.375660584,6.068565187,4.612772809,4.84407437,3.825212863
SH2D1B,7.963741311,7.789959748,8.144646964,8.02119554,7.422953163,7.941737216,7.985923873,8.782984262,8.201603526
SIGIRR,8.992781935,7.494897691,8.137468681,8.647812078,8.408670476,9.036490546,8.188367725,8.260626152,7.858453327
SIGLEC1,10.40207421,9.303184157,8.813421627,9.349242378,9.12777082,9.869572379,8.591651585,9.64291886,8.930822747
SLAMF1,5.762240037,5.046047336,5.937482809,7.228158645,5.51840002,6.581770677,6.414542961,6.662108482,6.585780314
SLAMF6,5.89971157,5.815431781,6.479674029,7.467407138,5.751293975,7.21658156,6.294694527,7.046419806,7.510587974
SLAMF7,8.580551883,8.064831002,8.067273418,8.762588489,8.346236184,8.92295585,7.445595336,8.883525312,8.287717698
SLC11A1,8.567752371,8.040746245,8.054053283,7.847959304,7.38602445,8.612440184,8.102611804,7.26762795,8.591651585
SMAD2,9.656009836,10.34277445,10.05203166,9.920203466,9.139593148,9.506193983,9.592399233,10.34277445,10.22893157
SMAD3,12.10886503,10.64937064,10.85128361,10.37422105,9.882000641,9.49634286,10.2508849,10.35955878,10.44402172
SMPD3,6.375660584,5.328154524,5.499401975,5.360341502,5.270404715,5.463492013,5.584365175,5.832607922,5.449148365
SOCS1,9.095156358,8.153249616,8.66910757,7.671547799,8.586457857,7.891937288,6.94728214,7.472660372,7.472660372
SPA17,9.689986154,8.870908915,8.52275411,8.774627538,8.512483401,8.060046822,9.097545063,8.500078739,9.027288924
SPACA3,7.831023454,7.302229943,7.652645914,6.468174117,7.656395615,7.671547799,6.414542961,6.394673207,6.559468919
SPANXB1,6.102441036,5.868685462,5.646926942,7.467407138,7.573281131,5.31543769,5.937482809,7.916669198,8.627124421
SPINK5,6.953146366,7.250712993,6.516027102,6.845475937,8.027583008,6.725302684,8.327323137,7.557648648,7.618386956
SPN,7.944004634,6.839183437,6.918966841,7.898477416,7.831023454,7.869504377,6.595352333,6.394673207,4.731162769
SPO11,7.747683784,7.437483542,6.328135,6.94728214,7.107984002,6.668294945,8.482481489,7.5133232,7.685305259
SPP1,12.29462228,14.9235035,11.47025424,11.27525845,12.24600004,10.76782179,10.91941446,11.97459186,10.73684413
SSX1,5.89971157,7.55078857,5.89971157,6.559468919,8.227937838,6.863239396,10.86511502,7.717057744,8.66910757
SSX4,6.839183437,7.73757935,7.259981948,7.194492835,7.313990633,6.938348069,7.963741311,7.63987691,8.235422119
ST6GAL1,10.48001738,10.80003033,12.34539454,12.02478334,12.20207474,12.5961492,12.24600004,11.39669916,13.30997293
STAT1,10.95901651,11.44549134,11.75365188,10.32664048,12.02478334,10.91941446,10.42656825,10.48001738,11.65049586
STAT2,11.65049586,11.12961288,10.35359732,10.47072146,11.7359146,11.65049586,11.47025424,10.97811082,10.35955878
STAT3,11.83672428,11.59853674,12.14377682,11.94090831,11.42107664,11.59853674,12.391275,11.5413939,11.7359146
STAT4,7.456050174,7.180009982,8.112865754,7.890047338,8.294713685,7.972316238,9.670342693,7.740425178,7.510587974
STAT5B,8.825782692,9.358459913,9.912841997,9.740415998,9.392829244,9.971381506,9.652341167,10.07152977,9.336385183
STAT6,10.9377498,9.697918214,10.72001538,10.9377498,10.90334059,11.22088754,8.799015958,11.47025424,10.42656825
SYCP1,5.804291221,5.929787973,5.183315291,5.84374654,4.545589181,5.68489043,7.046419806,5.713983513,6.681358918
SYK,6.758142514,8.10735104,7.869504377,8.536918826,8.351789987,8.248323684,7.155659982,6.595352333,7.028108429
SYT17,7.937189802,6.559468919,8.767458951,7.131815044,7.685305259,7.131815044,6.414542961,7.028108429,7.618386956
TAB1,10.86511502,9.426315556,8.970524712,9.28801033,9.344169744,9.254273564,9.837886871,9.282655168,9.740415998
TAL1,9.340277464,8.342116413,8.185433146,8.062388587,8.132090592,8.12916694,8.327323137,9.015613595,8.19498556
TANK,9.949161622,11.0474582,10.16589301,9.891644702,10.49845654,10.23712629,10.64937064,10.2095304,10.23712629
TAP1,7.21658156,9.314248528,8.806341871,8.389953135,8.424955648,8.840544745,8.870908915,8.344176299,8.695441096
TAP2,10.34277445,9.971381506,9.548921111,9.165692219,9.873581926,9.613770183,10.06680793,9.595154223,9.659678505
TAPBP,10.91941446,11.77554511,10.87955928,11.22088754,11.88133891,10.74637584,12.07754452,11.42107664,11.22088754
TARP,9.4458642,8.930822747,8.512483401,8.695441096,8.548718255,9.023032253,8.857512086,9.165692219,8.905931605
TBK1,9.903915217,9.659678505,9.806821438,9.521238838,9.163751781,9.099933768,10.14985354,10.03000856,9.344169744
TBP,10.3169505,9.582301057,9.452832552,8.905931605,9.336385183,8.813421627,9.28801033,9.613770183,8.784770412
TBX21,9.326049944,7.985923873,8.126243288,7.916669198,8.007656684,8.35697221,7.541044364,7.992366994,7.499952683
TCF7,9.389786025,10.17255535,8.6060964,8.747940597,8.726224188,8.825782692,8.745245489,10.26213034,8.43503057
TFE3,5.463492013,7.35207844,7.34124641,6.94728214,7.068364629,6.12007541,8.583586579,6.641433031,7.281061633
TFEB,9.0774003,10.04105357,8.420666121,8.081557191,7.430568728,7.891937288,9.056789215,7.678829419,9.239286549
TFRC,9.740415998,11.47025424,11.06683372,10.65679742,9.634404303,9.920203466,10.45537563,10.0802362,11.77554511
TGFB1,11.59853674,10.5120467,9.200772632,10.05203166,10.26213034,9.557742399,10.48001738,9.364284756,9.732408792
TGFB2,5.499401975,5.535154753,5.815431781,4.904039998,7.656395615,4.828698639,5.419895743,5.434804717,4.457619139
THBD,10.18302647,9.344169744,8.40218602,8.248323684,8.970524712,8.395258851,8.451787957,8.274556926,8.829677942
THBS1,9.993066229,10.9377498,9.747586975,10.70347019,11.59853674,8.702125891,9.398337649,8.944144148,9.724272107
THY1,10.26213034,8.990299741,9.364284756,10.35955878,9.806821438,9.282655168,8.799015958,9.724272107,9.1524985
TICAM1,8.067273418,9.13387976,9.512521462,8.716856461,9.484165839,8.162842098,9.433537062,9.052536005,10.07152977
TICAM2,7.78517468,8.118660168,8.385009535,8.260626152,8.265961588,8.035833512,8.845765761,8.816872411,8.66045197
TIGIT,7.398744772,8.302961408,7.544277655,8.254666411,7.863218563,8.137468681,8.1670553,8.081557191,7.735747086
TIRAP,8.85474936,8.231745867,8.681447534,8.281160803,8.860274812,8.412194647,9.314248528,7.717057744,9.001706086
TLK2,11.57622378,10.35359732,9.949161622,10.00407001,9.697918214,9.582301057,9.949161622,10.00407001,9.747586975
TLR1,8.366327905,9.11937568,10.03000856,9.412541512,9.293535789,9.572764186,9.364284756,9.229718347,9.493076344
TLR10,5.84374654,6.526338062,6.250061165,7.58355173,6.438021593,7.35207844,7.733914822,6.000107683,8.069268334
TLR2,8.023783907,7.852897782,8.437791936,8.315532186,8.120628477,8.118660168,7.623672461,8.344176299,8.031402696
TLR3,7.15337072,7.02277609,9.048282796,7.393598859,7.58355173,7.326666306,8.047822667,8.387481335,7.078744173
TLR4,8.239098371,8.577517186,8.385009535,9.052536005,8.520247433,9.521238838,7.733914822,8.875147527,8.153249616
TLR5,8.371697779,7.682067339,8.542384025,8.112865754,8.203843101,7.926475158,8.069268334,9.1524985,8.837581298
TLR6,8.057705056,8.296832848,7.682067339,8.213288523,7.944004634,8.525260786,8.215730949,8.144646964,8.558403842
TLR7,7.21658156,6.931530581,7.259981948,7.510587974,7.411371756,7.084025405,7.213215356,7.535096719,7.53224177
TLR8,7.13568626,7.529386821,6.565691687,6.798734609,7.265062073,7.084025405,7.5879601,7.768567335,7.898477416
TLR9,8.312372658,7.095447866,7.426263653,7.202225376,6.651770756,7.313990633,6.197780488,7.320452483,6.210959664
TMEFF2,6.184601312,6.788111649,6.125420774,6.559468919,5.824019851,6.068565187,7.313990633,6.953146366,7.302229943
TMUB2,9.790396977,9.597909213,9.521238838,9.176168402,9.232896797,9.371494204,9.851878707,9.689986154,9.604057489
TNF,7.236337727,7.041291455,6.762095459,7.78517468,5.824019851,7.980610361,7.5879601,7.289261488,6.788111649
TNFAIP3,9.512521462,10.09052434,9.215484135,10.34277445,10.04105357,9.659678505,9.813662754,11.3209348,9.561104222
TNFRSF10B,9.084617537,9.079920614,8.756816672,8.132090592,8.781198112,7.901865466,8.960525779,8.525260786,9.086794146
TNFRSF10C,7.00106292,6.12007541,7.958631071,6.662108482,6.741490131,7.099229169,6.414542961,6.565691687,7.281061633
TNFRSF11A,4.234301103,7.336897307,7.259981948,7.155659982,6.845475937,4.731162769,5.937482809,5.302429801,5.988548312
TNFRSF11B,6.662108482,8.784770412,6.307535043,7.808229883,7.618386956,7.39138474,6.688236429,8.047822667,6.891569626
TNFRSF12A,9.493076344,7.470506387,8.054053283,7.99569109,8.196948969,6.496818428,7.770206633,7.926475158,8.479018783
TNFRSF13B,4.234301103,3.72762446,3.851131931,5.499401975,4.805644901,4.234301103,3.047905216,3.60074843,3.239394553
TNFRSF13C,9.412541512,7.801434502,6.96238506,8.440553302,7.792191597,7.726580962,7.445595336,7.006754122,7.642248077
TNFRSF14,7.963741311,9.254273564,9.823410146,9.882000641,10.30213141,10.02495594,10.22025013,9.336385183,10.63705195
TNFRSF17,9.422649829,8.254666411,8.007656684,8.633878079,8.054053283,8.351789987,7.5879601,8.63992987,7.456050174
TNFRSF18,7.547510946,7.456050174,7.521594132,6.820199568,7.557648648,6.526338062,7.046419806,6.918966841,6.241890103
TNFRSF1A,10.13043429,11.22088754,10.60971728,11.01400126,11.34178904,10.81824678,11.34178904,11.10580396,10.29068241
TNFRSF1B,7.472660372,9.12777082,8.915118559,8.936882024,8.825782692,8.705866398,8.031402696,8.68881146,8.767458951
TNFRSF4,6.429375048,6.668294945,7.439685032,6.111258223,6.130766139,5.956982723,6.516027102,6.681358918,5.769951415
TNFRSF8,8.422810885,7.374878841,7.091666564,7.34124641,7.331781807,7.5133232,7.313990633,6.369685456,6.130766139
TNFRSF9,7.437483542,7.745477395,6.163571535,6.863239396,6.468174117,6.047690794,5.289421913,6.831567831,6.408357419
TNFSF10,8.930822747,10.14985354,11.03094982,10.3169505,11.36840484,12.24600004,11.27525845,10.3169505,10.70347019
TNFSF11,4.234301103,4.399760333,3.97769749,4.399760333,5.392399208,3.967596465,4.904039998,3.967596465,4.041127994
TNFSF12,8.528209929,8.652977873,9.499609376,9.165692219,8.903192067,9.146757702,8.99526413,7.838748076,8.49709531
TNFSF13,8.85474936,7.648896213,7.808229883,8.035833512,8.033618104,8.500078739,7.541044364,7.472660372,6.741490131
TNFSF13B,7.441886523,8.309213129,7.222019352,8.465076388,8.287717698,8.514245397,8.636620071,8.231745867,8.210846098
TNFSF14,6.618336915,6.241890103,8.85474936,9.4458642,10.27942875,9.031545596,8.482481489,8.80166959,10.74637584
TNFSF15,7.472660372,7.581386965,7.891937288,7.987856514,7.180009982,8.067273418,7.658986854,7.869504377,8.413917482
TNFSF18,3.967596465,3.276055353,4.675625916,5.594139875,4.498260144,4.150219411,3.617594707,3.756657119,3.967596465
TNFSF4,8.270607674,8.638274971,8.787724975,8.43503057,9.11937568,8.580551883,8.825782692,9.316759655,8.912480315
TNFSF8,6.553246151,7.417309802,5.762240037,7.283478003,7.068364629,7.041291455,6.688236429,7.208767732,7.596482225
TOLLIP,10.38853234,10.22893157,10.70347019,10.64937064,10.61590378,10.85128361,11.62409744,10.99691617,11.5413939
TP53,9.189719614,9.823410146,9.167632656,9.604057489,9.437092841,9.528275618,9.823410146,9.528275618,9.095156358
TPSAB1,9.982375339,8.486039795,8.781198112,10.45537563,9.813662754,9.084617537,7.38602445,8.35876657,7.922509822
TPTE,11.34178904,10.56005047,6.823952225,8.655455634,6.741490131,7.850180552,8.745245489,7.505250909,8.550381393
TRAF2,10.30213141,10.12327029,9.270430804,8.950012195,9.167632656,9.12357325,9.521238838,10.13454984,9.613770183
TRAF3,9.842755799,8.796362326,9.336385183,9.052536005,8.790679538,9.052536005,10.12327029,9.499609376,8.848023332
TRAF6,10.76782179,9.406813051,9.1524985,8.936882024,9.225262524,9.20841465,9.422649829,9.882000641,9.358459913
TREM1,8.203843101,8.514245397,7.652645914,7.872805788,7.032135767,8.415640316,7.38602445,7.5792222,8.440553302
TREM2,9.109255364,8.490039347,7.799593004,7.770206633,7.918772366,8.427236788,7.270193827,7.806078494,7.180009982
TRIM39,8.907886838,9.22087834,8.424955648,7.671547799,8.137468681,7.613182096,9.184665866,8.739783326,7.858453327
TTK,9.429981283,8.960525779,8.312372658,8.190694938,8.250593025,7.992366994,9.111959867,8.440553302,8.134779636
TUBB,12.34539454,13.22134834,11.49510384,11.42107664,11.77554511,10.73684413,11.15131971,11.12961288,10.77891356
TXK,4.937061447,4.920550722,5.449148365,5.207823227,4.991039149,5.021690839,5.937482809,5.129773392,5.922093136
TXNIP,12.24600004,11.51571174,11.68159315,12.05114726,12.54218813,11.3209348,9.873581926,10.72001538,12.14377682
TYK2,7.278645263,8.909842072,9.697918214,9.139593148,9.282655168,8.346236184,9.548921111,9.512521462,9.376164784
UBC,14.9235035,14.42240893,14.65435826,15.33454528,14.65435826,14.65435826,13.67868456,15.33454528,14.65435826
ULBP2,10.14985354,8.866705267,8.752450911,8.756816672,8.635249075,9.184665866,9.079920614,9.564466046,8.444851707
USP39,8.09216041,8.915118559,8.848023332,8.203843101,8.43503057,8.122596786,8.880945945,8.6060964,8.875147527
USP9Y,6.868874478,7.541044364,8.490039347,7.250712993,7.944004634,7.139557475,9.273212505,6.317835022,6.585780314
VCAM1,7.058413715,8.157815904,8.823052944,9.031545596,9.582301057,12.29462228,8.612440184,8.405146305,8.162842098
VEGFA,13.13313361,13.36300877,13.05000727,10.87955928,11.39669916,10.63705195,11.30411302,12.85426195,13.67868456
VEGFC,5.988548312,7.127496029,7.38066416,8.081557191,8.531159072,7.084025405,7.623672461,7.525490476,8.178375157
XCL2,9.371494204,8.905931605,8.698783494,8.716856461,8.449043594,9.22087834,8.975056709,9.706675215,9.225262524
XCR1,9.340277464,7.219947764,8.093979861,7.309936675,7.603300889,8.044284456,7.445595336,7.525490476,6.45454202
YTHDF2,9.740415998,9.912841997,9.004100508,8.912480315,9.386742806,8.66910757,9.714679171,9.462957879,9.229718347
ZAP70,7.726580962,7.733914822,7.505250909,8.196948969,8.257646281,8.790679538,7.658986854,6.953146366,7.180009982
ZC3H14,10.00407001,9.4458642,10.19572853,9.541989648,9.329577109,9.412541512,10.63705195,9.76740385,9.877791284
ZKSCAN5,7.13568626,7.02277609,8.023783907,7.036163105,6.651770756,7.041291455,8.031402696,7.661578093,7.963741311
ZNF143,7.194492835,8.536918826,8.909842072,7.944004634,8.126243288,7.685305259,8.287717698,8.137468681,9.111959867
ZNF205,7.40776658,8.047822667,7.222019352,6.788111649,7.107984002,5.289421913,7.939463509,7.131815044,7.490078256
ZNF346,8.593974036,8.454532321,8.337182927,7.937189802,8.257646281,7.966849395,8.907886838,8.482481489,8.00963711
